cash_id,ben_id,project_id,country_id,amount,currency,payment_method,payment_date
1,1897,30,2,175.71,USD,Mobile Money,05/03/2026
2,3461,15,5,65.7,USD,Bank Transfer,09/10/2025
3,1638,27,1,158.84,USD,Voucher,13/02/2026
4,3081,6,5,247.85,USD,Voucher,09/09/2024
5,2042,23,4,320.22,USD,Bank Transfer,30/05/2025
6,2909,2,2,100,USD,Cash,09/01/2026
7,367,12,1,143.21,USD,Bank Transfer,27/12/2025
8,4543,3,1,433.43,USD,Mobile Money,18/02/2025
9,4739,27,3,310.1,USD,Cash,13/11/2025
10,3086,30,3,227.55,USD,Bank Transfer,14/07/2026
11,3682,29,1,51.43,USD,Voucher,20/07/2024
12,4936,14,5,377.93,USD,Cash,13/04/2025
13,3880,30,1,79.84,USD,Cash,14/11/2025
14,3747,18,1,379.56,USD,Cash,03/01/2026
15,324,5,4,169.04,USD,Voucher,15/07/2025
17,3253,12,2,356.59,USD,Cash,18/07/2026
18,4508,19,5,482.56,USD,Bank Transfer,13/03/2026
19,1796,21,2,63.81,USD,Cash,05/10/2025
20,4735,27,1,372.22,USD,Voucher,10/09/2025
21,1355,12,1,430.43,USD,Bank Transfer,15/08/2024
22,41,10,3,134.1,USD,Mobile Money,21/02/2025
23,305,29,5,297.69,USD,Bank Transfer,08/11/2025
24,2826,26,5,217.86,USD,Mobile Money,22/01/2025
25,1864,13,2,373.13,USD,Cash,08/10/2024
26,2552,25,5,218.96,USD,Mobile Money,30/11/2024
27,557,9,4,59.26,USD,Mobile Money,24/09/2025
28,1920,9,4,179,USD,Bank Transfer,30/03/2025
29,4882,9,5,304.52,USD,Voucher,01/08/2025
30,4017,18,5,69.81,USD,Bank Transfer,22/08/2025
31,1602,2,2,56.65,USD,Voucher,28/09/2024
32,1091,8,3,447.15,USD,Voucher,27/08/2024
33,3821,25,2,281.58,USD,Bank Transfer,20/08/2024
34,312,12,2,384.88,USD,Cash,05/12/2025
35,2591,15,1,493.09,USD,Bank Transfer,07/06/2026
36,4770,2,1,249.69,USD,Cash,21/07/2024
37,4568,24,2,374.81,USD,Voucher,10/11/2024
38,3771,23,3,95.79,USD,Voucher,06/07/2026
39,4197,6,2,315.8,USD,Cash,26/11/2024
40,2288,27,2,324.39,USD,Bank Transfer,21/02/2026
41,4534,9,2,152.24,USD,Mobile Money,15/05/2026
42,1506,6,4,287.4,USD,Bank Transfer,16/05/2025
43,516,13,1,45.91,USD,Voucher,15/10/2025
44,2333,25,3,62.35,USD,Bank Transfer,18/07/2025
45,3144,17,2,326.5,USD,Voucher,22/06/2025
46,3063,8,5,134.33,USD,Voucher,12/03/2026
47,2527,7,4,20.5,USD,Mobile Money,18/09/2024
48,3093,7,5,418.08,USD,Bank Transfer,07/08/2024
49,4108,26,4,370.15,USD,Voucher,01/08/2025
50,920,12,5,150.72,USD,Mobile Money,15/01/2026
51,3195,1,4,387.63,USD,Cash,29/04/2025
52,3805,20,1,289.45,USD,Bank Transfer,08/11/2025
53,726,15,5,229.36,USD,Mobile Money,28/01/2025
54,3367,19,5,103.1,USD,Cash,04/02/2026
55,2454,20,2,39.64,USD,Cash,25/01/2025
56,343,2,4,181.4,USD,Cash,16/02/2026
57,1213,28,5,272.87,USD,Voucher,31/05/2026
58,2708,19,2,400.32,USD,Voucher,16/01/2026
59,203,8,2,303.47,USD,Mobile Money,25/09/2024
60,1728,10,3,357.64,USD,Cash,07/04/2026
61,4737,27,4,121.73,USD,Mobile Money,16/08/2025
62,3458,11,3,317.99,USD,Voucher,07/07/2026
63,4563,10,1,60.03,USD,Cash,26/06/2026
64,4313,10,2,333.12,USD,Mobile Money,11/11/2025
65,4349,23,1,164.62,USD,Bank Transfer,03/01/2026
66,473,29,5,321.18,USD,Mobile Money,02/02/2026
67,151,8,2,166.28,USD,Cash,23/04/2025
68,3927,16,5,157.29,USD,Cash,24/09/2025
69,645,6,4,448.35,USD,Voucher,02/06/2025
70,1942,8,5,121.32,USD,Voucher,15/08/2024
71,1081,11,2,154.78,USD,Bank Transfer,12/01/2025
72,1889,18,2,249.31,USD,Mobile Money,20/08/2024
73,1005,22,4,96.77,USD,Voucher,10/05/2025
74,2822,9,3,220.59,USD,Bank Transfer,28/05/2026
75,4979,22,5,20.65,USD,Cash,15/03/2025
76,2597,25,1,418.21,USD,Voucher,07/06/2025
77,2034,24,3,404.47,USD,Bank Transfer,26/05/2026
78,3784,28,3,237.77,USD,Voucher,20/05/2026
79,1415,7,2,485.88,USD,Mobile Money,19/08/2025
80,284,12,4,382.94,USD,Mobile Money,22/02/2025
81,2195,2,2,259.09,USD,Bank Transfer,03/03/2025
82,3077,16,2,103.58,USD,Voucher,03/12/2024
83,4256,12,5,373.53,USD,Voucher,30/07/2025
84,3626,6,3,111.92,USD,Voucher,12/06/2025
85,3893,24,2,168.11,USD,Cash,29/04/2025
86,3068,24,2,297.45,USD,Mobile Money,22/07/2024
87,4997,17,4,436.65,USD,Mobile Money,02/11/2025
88,2918,2,2,258.69,USD,Voucher,08/05/2025
89,3038,23,5,42.55,USD,Voucher,24/01/2025
90,3373,9,2,144.81,USD,Bank Transfer,13/03/2025
91,1403,24,5,126.55,USD,Voucher,11/07/2025
92,1807,18,2,158.7,USD,Voucher,17/12/2024
93,292,1,1,222.95,USD,Voucher,29/03/2025
94,2356,11,3,385.77,USD,Voucher,31/10/2024
95,3902,26,3,90.65,USD,Mobile Money,13/02/2026
96,701,28,4,392.47,USD,Cash,07/07/2026
97,37,17,2,356.68,USD,Mobile Money,20/05/2025
98,4785,21,4,55.14,USD,Cash,27/08/2025
99,2432,13,2,126.26,USD,Bank Transfer,19/03/2025
100,3024,20,2,229.64,USD,Bank Transfer,25/11/2025
101,4823,23,1,232.18,USD,Bank Transfer,18/08/2025
102,1424,11,5,457.58,USD,Bank Transfer,05/07/2025
103,1515,9,4,321.47,USD,Mobile Money,11/11/2025
104,4551,8,3,462.72,USD,Mobile Money,25/09/2024
105,3084,26,3,133.8,USD,Voucher,01/10/2025
106,3226,14,5,105.59,USD,Cash,23/03/2025
107,4231,30,1,458.08,USD,Bank Transfer,25/12/2024
108,2800,26,1,54.1,USD,Bank Transfer,07/01/2026
109,83,27,5,484.74,USD,Mobile Money,14/10/2025
110,3832,10,1,256.31,USD,Voucher,22/07/2024
111,4130,24,2,197.05,USD,Voucher,11/07/2025
112,2496,19,3,492.3,USD,Bank Transfer,06/08/2025
113,4850,7,3,279.9,USD,Cash,01/06/2025
114,2413,17,4,245.41,USD,Mobile Money,13/08/2025
115,1007,29,2,82.55,USD,Mobile Money,23/03/2025
116,3161,26,2,255.39,USD,Bank Transfer,04/04/2025
117,1611,3,5,270.46,USD,Mobile Money,30/01/2025
118,200,29,5,174.08,USD,Bank Transfer,20/07/2024
119,3005,26,1,224.14,USD,Mobile Money,14/04/2026
120,1813,30,4,462.82,USD,Mobile Money,08/11/2025
121,3768,3,5,177.92,USD,Mobile Money,05/07/2025
122,3939,17,2,203.34,USD,Cash,24/12/2024
123,784,27,2,434.6,USD,Bank Transfer,19/02/2025
124,73,26,3,251.86,USD,Mobile Money,30/01/2026
125,4753,28,5,99.96,USD,Mobile Money,20/07/2025
126,398,22,2,272.61,USD,Bank Transfer,16/08/2024
127,1560,8,3,73.53,USD,Voucher,26/10/2024
128,4562,7,2,320.63,USD,Mobile Money,13/05/2025
129,4734,16,3,405.52,USD,Mobile Money,22/06/2025
130,919,16,5,410.16,USD,Voucher,11/01/2026
131,337,25,3,413.2,USD,Voucher,18/10/2024
132,744,6,4,245.07,USD,Cash,13/11/2024
133,522,8,3,283.1,USD,Mobile Money,01/04/2026
134,4684,15,1,252.12,USD,Mobile Money,17/10/2024
135,681,12,2,44.8,USD,Bank Transfer,28/08/2024
136,249,10,3,128.06,USD,Bank Transfer,03/12/2024
137,3452,4,5,431.31,USD,Cash,02/12/2025
138,807,9,4,302.61,USD,Mobile Money,21/12/2024
139,4631,9,2,45.29,USD,Cash,09/12/2025
140,2912,15,5,290.52,USD,Cash,24/03/2026
141,586,14,4,147.84,USD,Cash,09/01/2026
142,82,28,3,61.31,USD,Mobile Money,16/04/2026
143,37,16,5,430.25,USD,Bank Transfer,05/12/2025
144,4844,11,5,123.2,USD,Voucher,13/03/2026
145,1328,17,4,448.67,USD,Cash,14/03/2025
146,1901,26,5,313.05,USD,Mobile Money,10/05/2026
147,831,11,5,30.3,USD,Voucher,14/07/2026
148,3980,15,1,247.69,USD,Mobile Money,26/08/2024
149,4254,15,3,110.4,USD,Mobile Money,13/11/2024
150,264,30,4,370.08,USD,Bank Transfer,18/12/2024
151,659,11,3,475.58,USD,Cash,07/11/2024
152,2006,16,5,480.24,USD,Bank Transfer,24/12/2024
153,3429,12,1,283.95,USD,Mobile Money,12/04/2026
154,1313,10,1,479.64,USD,Voucher,11/10/2024
155,4033,29,5,458.88,USD,Cash,29/11/2025
156,768,9,2,283.69,USD,Mobile Money,03/11/2024
157,2791,13,3,157.57,USD,Mobile Money,04/06/2025
158,576,13,1,476.23,USD,Mobile Money,08/06/2025
159,4848,4,1,382.66,USD,Bank Transfer,19/12/2025
160,2681,7,3,101.85,USD,Voucher,19/06/2025
161,4883,8,5,236.38,USD,Bank Transfer,10/10/2025
162,619,5,2,139.24,USD,Voucher,02/02/2025
163,3351,17,5,475.57,USD,Mobile Money,11/10/2024
164,2939,18,1,27.23,USD,Voucher,13/09/2024
165,2166,26,5,408.29,USD,Bank Transfer,24/06/2025
166,1739,10,4,181.36,USD,Bank Transfer,08/10/2024
167,3168,25,1,387.95,USD,Bank Transfer,06/08/2025
168,4105,29,4,238.32,USD,Voucher,15/06/2026
169,1268,1,3,385.6,USD,Cash,12/01/2025
170,4708,18,1,306.54,USD,Mobile Money,29/06/2025
171,3211,10,1,128.27,USD,Bank Transfer,26/01/2025
172,3026,8,4,412.38,USD,Bank Transfer,27/02/2025
173,3498,5,1,82.4,USD,Cash,22/06/2026
174,34,22,2,215.48,USD,Bank Transfer,20/04/2026
175,902,15,3,227.79,USD,Voucher,16/06/2025
176,2159,27,3,113.21,USD,Voucher,30/04/2026
177,2939,1,1,322.4,USD,Mobile Money,29/05/2026
178,3323,8,2,186.47,USD,Mobile Money,09/01/2026
179,479,26,1,389.96,USD,Mobile Money,29/03/2025
180,1412,7,2,59.11,USD,Mobile Money,15/03/2026
181,3230,28,2,308.89,USD,Mobile Money,13/07/2025
182,2992,24,3,60.46,USD,Cash,09/05/2026
183,4077,23,1,160.86,USD,Bank Transfer,06/09/2025
184,1708,8,3,341.68,USD,Bank Transfer,17/06/2025
185,2586,5,4,64.58,USD,Bank Transfer,09/12/2024
186,4397,14,3,330.86,USD,Mobile Money,09/01/2025
187,3975,2,5,381.54,USD,Cash,01/01/2025
188,276,6,2,494.43,USD,Mobile Money,05/07/2026
189,754,4,1,43.23,USD,Bank Transfer,13/08/2025
190,4838,1,3,421.4,USD,Mobile Money,13/05/2026
191,237,13,1,316.72,USD,Bank Transfer,14/09/2024
192,552,10,5,269.61,USD,Voucher,10/08/2025
193,3483,5,4,110.14,USD,Bank Transfer,25/02/2025
194,3407,2,3,421.67,USD,Bank Transfer,31/12/2024
195,4976,14,1,124.23,USD,Mobile Money,11/11/2024
196,1892,22,2,265.88,USD,Mobile Money,15/02/2025
197,863,30,2,105.62,USD,Cash,13/11/2025
198,1449,17,3,87.3,USD,Voucher,08/11/2025
199,4239,3,2,185.59,USD,Voucher,16/09/2025
200,755,28,5,473.48,USD,Voucher,21/05/2026
201,1960,7,2,35.96,USD,Voucher,15/09/2025
202,2364,25,1,388.23,USD,Mobile Money,30/12/2024
203,2723,12,5,348.03,USD,Cash,22/09/2025
204,135,19,1,170.85,USD,Bank Transfer,31/05/2025
205,74,11,4,163.36,USD,Bank Transfer,06/12/2024
206,1599,22,3,344.6,USD,Mobile Money,01/06/2025
207,1527,9,2,173.67,USD,Voucher,27/05/2026
208,2266,8,2,272.85,USD,Bank Transfer,09/08/2024
209,1453,22,1,316.55,USD,Cash,14/03/2025
210,1834,15,5,432.87,USD,Voucher,13/08/2024
211,2717,27,2,349.03,USD,Cash,29/04/2026
212,2067,7,4,353.9,USD,Cash,05/07/2026
213,1623,19,1,65.97,USD,Mobile Money,03/05/2025
214,3891,27,3,461.4,USD,Mobile Money,19/02/2025
215,2478,29,2,422.29,USD,Mobile Money,01/01/2026
216,2391,24,3,379.19,USD,Bank Transfer,06/04/2025
217,3148,27,3,403.09,USD,Bank Transfer,07/08/2025
218,2645,15,5,218.89,USD,Voucher,10/09/2025
219,3910,19,2,146.56,USD,Bank Transfer,25/03/2026
220,2865,16,3,22.69,USD,Voucher,10/03/2025
221,608,25,1,227.4,USD,Cash,11/04/2026
222,4090,7,3,155.15,USD,Cash,08/04/2026
223,1469,6,4,489.84,USD,Mobile Money,03/03/2025
224,1919,26,1,169.36,USD,Voucher,05/09/2025
225,755,24,3,355.11,USD,Voucher,14/01/2025
226,3513,7,2,385.17,USD,Cash,21/02/2026
227,119,25,3,306.4,USD,Mobile Money,28/11/2024
228,1113,6,4,368.07,USD,Voucher,12/08/2025
229,2580,2,2,499.05,USD,Mobile Money,31/05/2025
230,3874,22,1,241.17,USD,Mobile Money,10/04/2026
231,2986,13,5,156.72,USD,Bank Transfer,04/07/2026
232,221,13,1,452.64,USD,Cash,22/07/2025
233,4452,30,5,81.44,USD,Mobile Money,13/10/2025
234,1871,23,3,229.84,USD,Cash,20/10/2024
235,1608,2,1,72.83,USD,Cash,03/10/2024
236,4158,30,2,218.6,USD,Voucher,05/10/2024
237,403,8,3,409.12,USD,Bank Transfer,22/05/2025
238,975,7,4,476.03,USD,Bank Transfer,18/12/2024
239,810,3,3,179.27,USD,Mobile Money,02/08/2025
240,100,20,3,43.7,USD,Mobile Money,08/06/2026
241,2688,8,1,250.31,USD,Mobile Money,28/10/2024
242,4979,14,1,228.68,USD,Voucher,18/09/2024
243,4797,3,1,473.35,USD,Mobile Money,25/09/2024
244,2579,26,3,443.91,USD,Bank Transfer,24/02/2026
245,2990,4,3,143.94,USD,Mobile Money,18/06/2025
246,3876,16,5,200.33,USD,Voucher,14/12/2024
247,2371,11,3,478.13,USD,Cash,09/09/2024
248,1264,11,3,111.44,USD,Mobile Money,13/01/2026
249,590,13,4,387.31,USD,Mobile Money,06/11/2025
250,4408,1,2,478.89,USD,Bank Transfer,21/12/2024
251,1825,22,3,454.15,USD,Cash,03/10/2025
252,4146,23,5,175.54,USD,Cash,06/08/2024
253,1089,28,4,480.38,USD,Mobile Money,03/10/2025
254,2747,2,1,290.86,USD,Mobile Money,28/02/2026
255,2243,20,2,287.68,USD,Voucher,13/08/2024
256,2225,17,4,282.48,USD,Voucher,18/05/2025
257,4344,17,5,248.06,USD,Mobile Money,25/04/2025
258,1104,19,3,258.99,USD,Cash,15/05/2025
259,1718,25,1,107.55,USD,Cash,08/08/2025
260,3498,5,1,299.3,USD,Cash,25/08/2024
261,2343,17,4,88.77,USD,Cash,10/07/2025
262,563,11,1,374.24,USD,Voucher,06/08/2025
263,3721,19,4,454.17,USD,Bank Transfer,25/04/2025
264,1151,28,1,320.16,USD,Cash,10/05/2025
265,3652,13,5,186.49,USD,Cash,26/06/2025
266,224,27,3,405.23,USD,Voucher,28/01/2026
267,1994,4,5,277.09,USD,Bank Transfer,21/08/2024
268,1098,28,2,112.22,USD,Voucher,09/06/2025
269,685,6,4,78.38,USD,Cash,02/01/2026
270,4583,16,2,132.6,USD,Bank Transfer,12/05/2026
271,3611,6,3,20.45,USD,Mobile Money,24/05/2026
272,1573,9,1,410.68,USD,Mobile Money,12/06/2025
273,3027,15,4,474.23,USD,Mobile Money,17/08/2025
274,1213,10,1,255.69,USD,Bank Transfer,08/07/2025
275,4559,24,4,415.61,USD,Mobile Money,24/01/2026
276,892,24,1,194.71,USD,Mobile Money,14/10/2025
277,3765,14,1,492.02,USD,Bank Transfer,05/05/2026
278,1802,24,4,189.3,USD,Mobile Money,17/03/2026
279,1787,30,1,382,USD,Cash,19/07/2024
280,4064,24,5,395.96,USD,Bank Transfer,03/08/2024
281,3937,20,1,490.16,USD,Mobile Money,21/04/2026
282,1551,6,1,441.39,USD,Mobile Money,28/05/2026
283,4477,8,3,486.45,USD,Bank Transfer,28/06/2025
284,3625,3,2,154.95,USD,Bank Transfer,27/09/2025
285,1039,3,3,404.85,USD,Mobile Money,16/03/2025
286,91,7,1,159.48,USD,Voucher,12/06/2026
287,1442,3,2,443.3,USD,Mobile Money,08/09/2025
288,4167,26,1,180.17,USD,Cash,30/09/2025
289,1987,13,4,46.05,USD,Bank Transfer,18/06/2026
290,4866,24,3,151.35,USD,Cash,23/02/2025
291,3912,22,3,382.85,USD,Voucher,04/06/2025
292,1363,27,1,171.36,USD,Cash,07/03/2026
293,740,30,4,229.77,USD,Mobile Money,04/05/2026
294,3443,8,4,43.58,USD,Voucher,30/03/2026
295,3004,12,4,445.92,USD,Voucher,05/01/2025
296,3779,8,3,31.32,USD,Voucher,11/01/2026
297,3999,5,1,207.79,USD,Mobile Money,25/02/2025
298,4663,7,5,205.38,USD,Mobile Money,25/10/2025
299,2418,28,4,412.63,USD,Mobile Money,08/07/2026
300,2461,24,2,303.16,USD,Mobile Money,03/10/2024
301,2220,18,5,273.23,USD,Bank Transfer,18/11/2025
302,4106,21,4,63.12,USD,Mobile Money,15/10/2025
303,1642,28,5,106.26,USD,Mobile Money,13/11/2024
304,358,25,3,33.56,USD,Voucher,12/02/2025
305,3438,3,5,286.69,USD,Cash,10/05/2025
306,4007,26,2,96.59,USD,Voucher,31/05/2025
307,2017,28,5,149.54,USD,Mobile Money,01/10/2025
308,2806,26,5,284.45,USD,Mobile Money,10/02/2025
309,1148,22,2,390.37,USD,Cash,02/06/2026
310,4230,11,3,317.55,USD,Cash,24/03/2026
311,4909,25,1,200.89,USD,Cash,05/06/2025
312,1721,24,1,257.82,USD,Cash,12/01/2026
313,225,29,4,65.67,USD,Mobile Money,13/11/2025
314,3363,17,5,391.33,USD,Mobile Money,25/04/2025
315,1562,27,4,355.61,USD,Bank Transfer,27/04/2025
316,1929,30,2,204.63,USD,Voucher,05/08/2025
317,2966,23,3,66.53,USD,Voucher,25/06/2026
318,3219,12,3,477.47,USD,Mobile Money,24/03/2025
319,4741,20,3,432.46,USD,Cash,07/07/2026
320,4677,4,3,187.11,USD,Voucher,09/05/2025
321,4463,1,3,95.75,USD,Cash,21/04/2025
322,4508,24,5,34.76,USD,Bank Transfer,12/02/2026
323,1606,29,5,189.13,USD,Cash,29/05/2026
324,4004,10,1,62.91,USD,Voucher,01/08/2024
325,740,21,5,229.53,USD,Voucher,27/06/2026
326,4202,13,3,244.77,USD,Voucher,18/03/2025
327,518,3,1,368.21,USD,Cash,15/04/2026
328,3556,2,4,59.14,USD,Mobile Money,18/10/2024
329,2645,6,1,487.08,USD,Voucher,02/10/2024
330,2867,11,4,472.41,USD,Bank Transfer,17/12/2025
331,4798,13,5,164.51,USD,Bank Transfer,11/09/2025
332,467,25,5,149.61,USD,Cash,26/04/2026
333,4970,19,5,496.07,USD,Mobile Money,15/08/2025
334,832,19,1,73.54,USD,Voucher,13/05/2026
335,2074,12,1,76.23,USD,Voucher,05/10/2025
336,3629,8,3,450.82,USD,Cash,16/01/2026
337,2757,25,4,65.57,USD,Voucher,22/06/2026
338,2804,23,5,419.11,USD,Mobile Money,07/06/2025
339,102,7,5,101.06,USD,Mobile Money,30/03/2025
340,459,7,1,155.5,USD,Voucher,30/10/2024
341,2277,15,1,405.57,USD,Cash,13/08/2024
342,2892,10,3,319.83,USD,Cash,18/09/2025
343,2425,29,4,373.58,USD,Cash,31/01/2025
344,3208,14,4,316.39,USD,Voucher,10/02/2025
345,436,28,4,303.1,USD,Mobile Money,31/10/2025
346,2473,24,1,166.37,USD,Cash,13/11/2024
347,2916,7,3,52.63,USD,Voucher,14/09/2024
348,2740,9,3,58.31,USD,Mobile Money,14/04/2026
349,411,9,3,92.31,USD,Mobile Money,05/09/2024
350,2698,4,4,20.69,USD,Voucher,04/04/2025
351,3678,5,4,119.57,USD,Voucher,03/07/2026
352,2847,24,1,110.71,USD,Voucher,08/03/2026
353,2277,10,4,21.47,USD,Voucher,13/06/2026
354,1419,6,4,332.33,USD,Bank Transfer,17/05/2026
355,4940,7,3,156.65,USD,Voucher,15/05/2026
356,1452,7,5,475.74,USD,Cash,20/06/2026
357,1626,6,4,388.16,USD,Cash,31/01/2026
358,768,6,3,20.8,USD,Mobile Money,26/02/2026
359,481,1,2,117.27,USD,Voucher,26/05/2025
360,3662,30,5,297.68,USD,Mobile Money,31/08/2024
361,218,27,4,24.54,USD,Mobile Money,04/12/2025
362,1369,29,1,176.16,USD,Cash,25/06/2025
363,1491,9,3,273.37,USD,Mobile Money,27/12/2025
364,1243,9,4,82.49,USD,Bank Transfer,31/08/2024
365,2759,27,5,201.89,USD,Cash,11/05/2025
366,333,30,2,235.31,USD,Bank Transfer,12/10/2024
367,3000,27,4,75.07,USD,Bank Transfer,05/09/2025
368,3884,16,3,461.17,USD,Cash,10/07/2026
369,3533,7,5,32.28,USD,Mobile Money,11/03/2026
370,423,4,3,364.24,USD,Mobile Money,10/02/2025
371,2361,3,4,159.68,USD,Bank Transfer,21/10/2024
372,3707,10,5,359.55,USD,Mobile Money,23/09/2025
373,3399,30,1,116.41,USD,Bank Transfer,05/09/2024
374,3635,11,2,489.74,USD,Bank Transfer,07/06/2026
375,2203,6,4,474.16,USD,Voucher,19/07/2024
376,3751,14,1,469.58,USD,Mobile Money,24/07/2024
377,203,26,2,198,USD,Cash,06/10/2024
378,4276,22,2,338.55,USD,Bank Transfer,20/02/2026
379,4562,30,5,238.95,USD,Bank Transfer,12/07/2025
380,871,14,3,271.98,USD,Cash,02/07/2025
381,609,13,3,175.37,USD,Mobile Money,02/06/2026
382,4387,24,1,402.43,USD,Mobile Money,05/01/2026
383,3993,30,2,474.7,USD,Voucher,02/12/2025
384,1518,22,2,50.91,USD,Voucher,01/12/2024
385,1105,1,1,461.22,USD,Cash,10/10/2025
386,2633,20,5,252.51,USD,Voucher,19/09/2025
387,694,1,2,171.67,USD,Mobile Money,23/05/2026
388,3462,2,3,492.32,USD,Bank Transfer,01/12/2024
389,1428,1,4,280.14,USD,Voucher,29/05/2026
390,2257,24,1,28.06,USD,Voucher,15/09/2025
391,4786,28,2,244.56,USD,Voucher,25/04/2025
392,2284,10,2,154.4,USD,Bank Transfer,09/11/2025
393,3927,12,4,97.03,USD,Bank Transfer,05/10/2025
394,1771,15,3,346.64,USD,Bank Transfer,21/01/2025
395,4902,5,1,437.81,USD,Voucher,02/07/2025
396,1203,8,2,459.89,USD,Bank Transfer,15/07/2026
397,2577,9,5,83.41,USD,Voucher,20/06/2026
398,2655,28,5,24.24,USD,Cash,28/09/2024
399,1283,27,2,374.23,USD,Mobile Money,03/05/2026
400,2654,8,4,322.56,USD,Voucher,15/06/2026
401,276,14,2,325.52,USD,Mobile Money,09/02/2025
402,2446,4,1,368.19,USD,Voucher,30/07/2024
403,2062,23,3,235.32,USD,Bank Transfer,30/09/2024
404,4281,7,2,410.19,USD,Cash,27/01/2026
405,4473,2,2,85.28,USD,Bank Transfer,02/05/2026
406,47,2,2,32.91,USD,Voucher,25/05/2025
407,2410,5,1,169.51,USD,Bank Transfer,05/07/2025
408,1530,17,3,310.5,USD,Bank Transfer,03/09/2025
409,269,20,1,77.16,USD,Bank Transfer,17/08/2024
410,226,12,4,203.86,USD,Cash,24/10/2024
411,2807,14,4,190.54,USD,Bank Transfer,11/09/2025
412,4329,11,1,300.68,USD,Cash,25/04/2025
413,2372,28,5,116.04,USD,Cash,19/06/2025
414,1127,20,3,422.53,USD,Cash,01/04/2026
415,2020,4,2,406.12,USD,Voucher,16/11/2024
416,468,8,3,204.41,USD,Bank Transfer,12/04/2026
417,4456,9,5,410.44,USD,Mobile Money,20/03/2025
418,2257,12,2,238.25,USD,Mobile Money,04/07/2026
419,4811,27,1,176.64,USD,Voucher,18/09/2024
420,1147,21,4,328.9,USD,Cash,01/09/2024
421,2376,14,1,392.45,USD,Voucher,26/09/2025
422,3231,30,4,469.4,USD,Cash,01/05/2026
423,1108,10,3,444.86,USD,Mobile Money,05/01/2026
424,3279,19,1,331.58,USD,Cash,28/10/2025
425,3318,23,4,48.98,USD,Voucher,06/06/2025
426,4905,20,4,326.27,USD,Bank Transfer,24/12/2024
427,446,29,1,274.37,USD,Voucher,19/05/2025
428,2157,1,2,66.93,USD,Cash,25/08/2024
429,4654,28,3,171.74,USD,Mobile Money,25/07/2024
430,2387,8,2,82.12,USD,Bank Transfer,11/12/2025
431,1441,10,3,389.29,USD,Mobile Money,07/04/2026
432,4894,2,4,214.08,USD,Bank Transfer,22/03/2025
433,1939,26,5,65.44,USD,Voucher,29/11/2024
434,3999,13,1,112.86,USD,Voucher,30/01/2025
435,2653,8,1,100.94,USD,Mobile Money,17/07/2026
436,3657,16,3,137.35,USD,Voucher,24/08/2024
437,182,3,4,169.51,USD,Mobile Money,28/01/2026
438,4379,6,1,417.46,USD,Bank Transfer,07/10/2025
439,3515,21,3,298.75,USD,Bank Transfer,05/02/2025
440,25,5,5,319.1,USD,Voucher,28/06/2026
441,1915,2,5,324.08,USD,Cash,17/11/2024
442,2903,10,3,277.63,USD,Bank Transfer,17/03/2026
443,4556,15,1,224.9,USD,Mobile Money,20/05/2026
444,4158,10,4,127.98,USD,Bank Transfer,11/10/2024
445,2171,13,5,241.97,USD,Mobile Money,08/01/2025
446,2605,6,2,288.45,USD,Mobile Money,07/10/2024
447,1544,10,5,159.87,USD,Voucher,22/05/2025
448,4119,22,3,66.11,USD,Cash,02/01/2025
449,736,17,5,232.02,USD,Voucher,22/01/2025
450,2222,8,5,308.78,USD,Voucher,11/12/2024
451,3180,6,5,22.95,USD,Bank Transfer,21/07/2024
452,2754,10,3,380.58,USD,Bank Transfer,28/11/2024
453,1763,3,4,149.61,USD,Bank Transfer,29/07/2024
454,4913,4,4,84.25,USD,Bank Transfer,06/04/2026
455,401,17,3,41.7,USD,Voucher,21/06/2026
456,3542,8,2,401.24,USD,Voucher,09/07/2025
457,1177,9,4,40.85,USD,Cash,16/04/2026
458,3373,7,2,496.79,USD,Voucher,01/05/2025
459,1225,5,4,88.26,USD,Voucher,31/05/2025
460,1322,16,3,327.51,USD,Voucher,31/10/2025
461,1760,1,2,136.59,USD,Bank Transfer,03/12/2025
462,2950,27,5,394.79,USD,Cash,06/07/2025
463,521,26,1,224.01,USD,Voucher,08/12/2025
464,4201,22,2,37.04,USD,Voucher,24/10/2024
465,2590,23,2,93.56,USD,Bank Transfer,02/08/2024
466,3078,9,3,44.05,USD,Mobile Money,24/06/2025
467,1467,18,2,202.63,USD,Cash,16/04/2025
468,4720,25,2,250.91,USD,Mobile Money,07/12/2024
469,3667,3,2,427.91,USD,Mobile Money,22/06/2026
470,1031,6,4,154.33,USD,Cash,21/07/2024
471,1415,7,4,172.36,USD,Voucher,10/12/2025
472,2933,1,3,132.15,USD,Cash,01/10/2025
473,1856,23,3,497.82,USD,Mobile Money,28/12/2025
474,3181,30,2,133.67,USD,Cash,18/05/2025
475,304,20,3,55.89,USD,Cash,25/05/2026
476,1323,6,4,98.7,USD,Cash,04/01/2026
477,82,3,1,265.43,USD,Voucher,02/08/2025
478,2012,18,1,343.27,USD,Bank Transfer,11/07/2025
479,4498,12,2,489.14,USD,Mobile Money,23/10/2025
480,4512,25,5,410.08,USD,Voucher,25/12/2024
481,4435,30,4,90.86,USD,Mobile Money,31/03/2025
482,2601,19,2,437.13,USD,Voucher,16/03/2025
483,2538,20,5,159.15,USD,Cash,08/02/2025
484,1159,28,3,490.27,USD,Bank Transfer,30/10/2025
485,3461,13,5,404.06,USD,Cash,25/05/2026
486,265,9,1,341.95,USD,Cash,22/01/2025
487,4201,23,1,59.23,USD,Mobile Money,02/03/2026
488,1541,17,4,131.28,USD,Bank Transfer,17/06/2025
489,4475,6,5,355,USD,Mobile Money,26/01/2026
490,846,4,3,241.79,USD,Voucher,17/06/2026
491,4715,4,2,108.67,USD,Mobile Money,17/09/2025
492,574,5,4,250.72,USD,Voucher,30/05/2025
493,4917,27,3,104.45,USD,Voucher,21/05/2025
494,2602,10,2,201.89,USD,Voucher,29/04/2026
495,3473,26,4,205.25,USD,Cash,04/11/2024
496,1638,10,2,149.7,USD,Mobile Money,10/01/2025
497,859,12,5,405.14,USD,Mobile Money,24/04/2026
498,2247,28,4,474.98,USD,Cash,09/05/2026
499,4703,5,5,144.76,USD,Bank Transfer,03/07/2025
500,3980,24,5,195.09,USD,Bank Transfer,08/10/2025
501,2497,29,3,373.88,USD,Mobile Money,28/01/2025
502,313,15,1,71.68,USD,Cash,01/04/2026
503,1997,26,5,448.07,USD,Bank Transfer,13/11/2024
504,4156,22,4,36.24,USD,Voucher,28/12/2024
505,896,4,2,343.93,USD,Bank Transfer,14/09/2024
506,4559,22,5,464,USD,Voucher,08/03/2025
507,529,9,4,90.43,USD,Mobile Money,06/06/2026
508,692,4,1,110.69,USD,Bank Transfer,07/06/2025
509,558,14,1,284.79,USD,Bank Transfer,27/09/2024
510,1241,4,3,29.21,USD,Cash,08/07/2026
511,2412,4,3,397.89,USD,Mobile Money,01/04/2025
512,2334,6,3,493.66,USD,Mobile Money,21/01/2025
513,2720,10,2,206.1,USD,Mobile Money,28/08/2024
514,313,3,5,458.64,USD,Cash,31/05/2026
515,4277,17,2,313.47,USD,Mobile Money,08/01/2026
516,4076,3,3,178.31,USD,Mobile Money,21/12/2024
517,4047,12,4,259.33,USD,Voucher,08/10/2025
518,2234,21,4,302,USD,Bank Transfer,25/02/2025
519,1414,26,1,258.87,USD,Cash,26/06/2026
520,2040,1,2,497.74,USD,Voucher,03/12/2025
521,2111,6,1,375.11,USD,Cash,04/12/2024
522,4566,19,1,370.12,USD,Voucher,05/08/2025
523,1135,29,5,75.85,USD,Mobile Money,12/03/2025
524,2428,21,5,427.15,USD,Bank Transfer,17/06/2026
525,2846,19,5,106.48,USD,Mobile Money,09/12/2024
526,3775,2,4,457.03,USD,Mobile Money,01/08/2024
527,212,13,3,421.51,USD,Mobile Money,20/06/2026
528,3187,7,3,234.04,USD,Bank Transfer,29/09/2024
529,4382,18,3,403.99,USD,Mobile Money,24/12/2025
530,1869,25,2,37.47,USD,Voucher,08/04/2026
531,4042,3,2,395.9,USD,Mobile Money,03/11/2025
532,4538,20,1,436.51,USD,Voucher,30/11/2024
533,2435,15,4,185.11,USD,Mobile Money,23/05/2026
534,3776,25,3,274.49,USD,Voucher,06/03/2026
535,4484,26,1,21.63,USD,Mobile Money,19/12/2025
536,4828,2,3,238.38,USD,Voucher,03/06/2026
537,1313,18,2,243.43,USD,Bank Transfer,04/08/2025
538,4315,25,2,441.77,USD,Mobile Money,07/05/2025
539,3238,30,2,433.62,USD,Bank Transfer,22/05/2026
540,2717,4,2,338.67,USD,Voucher,21/01/2026
541,2172,12,2,76.79,USD,Mobile Money,13/04/2026
542,1816,18,5,299.72,USD,Voucher,24/01/2025
543,2254,9,1,196.29,USD,Cash,03/11/2024
544,1641,28,2,394.94,USD,Cash,19/02/2026
545,1067,1,2,223.33,USD,Voucher,13/04/2025
546,167,2,5,164.1,USD,Cash,20/10/2024
547,2776,24,4,471.31,USD,Mobile Money,01/04/2025
548,3633,14,4,419.35,USD,Voucher,26/02/2025
549,3091,11,1,408.74,USD,Bank Transfer,09/04/2025
550,66,1,5,248.94,USD,Cash,27/06/2026
551,1691,23,1,95.34,USD,Voucher,12/03/2026
552,1196,2,4,206.16,USD,Bank Transfer,28/10/2024
553,3190,5,3,477.23,USD,Bank Transfer,15/10/2024
554,2737,7,4,349.07,USD,Bank Transfer,26/05/2026
555,285,6,2,390.64,USD,Cash,30/10/2025
556,4806,15,5,375.95,USD,Voucher,07/07/2026
557,1821,26,3,193.61,USD,Mobile Money,15/06/2026
558,3852,2,3,195.54,USD,Bank Transfer,22/01/2026
559,1374,15,5,334.05,USD,Cash,23/02/2025
560,2004,20,3,472.56,USD,Bank Transfer,28/08/2024
561,4914,11,3,304.77,USD,Mobile Money,21/12/2025
562,1405,9,2,88.81,USD,Cash,12/09/2024
563,4286,19,4,399.87,USD,Voucher,18/05/2026
564,4847,26,2,334.34,USD,Mobile Money,03/12/2025
565,2924,28,1,86.64,USD,Cash,25/06/2025
566,998,21,5,344.53,USD,Bank Transfer,06/04/2026
567,1421,18,4,491.5,USD,Bank Transfer,30/06/2026
568,4670,20,2,394.8,USD,Mobile Money,13/06/2025
569,2603,18,3,457.26,USD,Cash,23/07/2024
570,1767,5,1,184.15,USD,Bank Transfer,27/06/2026
571,1949,19,3,68.1,USD,Bank Transfer,03/12/2024
572,4778,20,5,203.45,USD,Cash,26/12/2025
573,2222,29,2,83.77,USD,Bank Transfer,02/01/2026
574,247,15,1,256.41,USD,Cash,12/01/2026
575,1403,29,4,213.89,USD,Voucher,27/10/2024
576,601,15,1,486.6,USD,Voucher,07/10/2024
577,2849,2,1,439.42,USD,Voucher,21/12/2024
578,1692,4,1,364.3,USD,Bank Transfer,03/08/2024
579,858,1,3,333.07,USD,Cash,23/07/2025
580,4807,30,1,317.87,USD,Cash,14/08/2024
581,3378,3,3,268.67,USD,Bank Transfer,11/05/2025
582,4360,28,1,251.73,USD,Voucher,10/07/2026
583,69,16,3,156.37,USD,Bank Transfer,24/08/2024
584,3952,11,5,380.43,USD,Cash,13/01/2025
585,378,20,4,320.02,USD,Mobile Money,26/06/2026
586,7,23,3,467.11,USD,Voucher,28/10/2024
587,2084,26,5,25.69,USD,Voucher,29/04/2025
588,2218,6,3,252.35,USD,Voucher,24/03/2026
589,1529,27,1,361.89,USD,Bank Transfer,01/06/2026
590,983,22,5,402.37,USD,Cash,26/03/2025
591,3774,30,2,114.97,USD,Mobile Money,02/08/2024
592,1971,29,3,359.68,USD,Bank Transfer,08/11/2024
593,3110,17,5,123.67,USD,Cash,24/02/2025
594,2776,15,2,83.59,USD,Mobile Money,02/12/2025
595,3761,18,5,106.54,USD,Cash,01/02/2026
596,4052,19,1,413.85,USD,Mobile Money,24/08/2024
597,670,13,4,392,USD,Cash,26/05/2026
598,834,9,5,68.37,USD,Mobile Money,17/05/2025
599,3577,9,5,266.68,USD,Cash,16/08/2024
600,159,14,4,119.14,USD,Mobile Money,31/07/2025
601,781,24,3,234.6,USD,Voucher,22/05/2026
602,689,16,2,75.23,USD,Bank Transfer,16/08/2024
603,41,17,2,399.71,USD,Mobile Money,31/05/2025
604,4621,26,2,182.49,USD,Mobile Money,02/12/2025
605,4103,9,5,245.5,USD,Bank Transfer,04/10/2024
606,2028,17,5,62,USD,Bank Transfer,15/09/2025
607,3860,9,5,485.38,USD,Cash,18/10/2024
608,1603,10,3,383.49,USD,Bank Transfer,17/06/2025
609,1848,15,3,496.54,USD,Voucher,29/03/2026
610,902,14,1,174.4,USD,Mobile Money,22/02/2025
611,1789,23,1,210.81,USD,Bank Transfer,19/12/2025
612,4462,18,1,48.56,USD,Mobile Money,09/02/2026
613,628,26,4,306.71,USD,Bank Transfer,24/09/2024
614,2888,2,1,285.88,USD,Cash,12/01/2025
615,1473,12,2,44.93,USD,Voucher,13/11/2024
616,2802,23,3,159.35,USD,Voucher,17/03/2025
617,3755,2,4,266.9,USD,Voucher,26/03/2025
618,2152,27,4,225.56,USD,Cash,06/09/2025
619,4787,9,2,72.55,USD,Cash,25/04/2025
620,2873,26,1,239.97,USD,Voucher,01/05/2025
621,4525,5,1,450.68,USD,Mobile Money,22/08/2025
622,3047,30,1,347.35,USD,Cash,13/03/2025
623,4290,6,4,144.66,USD,Mobile Money,29/11/2024
624,3208,29,4,88.51,USD,Bank Transfer,11/12/2024
625,4965,7,1,482.42,USD,Cash,30/07/2025
626,4046,9,3,25.48,USD,Bank Transfer,15/02/2025
627,3630,3,5,123.88,USD,Bank Transfer,31/07/2025
628,2539,19,1,173.47,USD,Mobile Money,06/05/2025
629,1199,21,4,476.86,USD,Bank Transfer,02/04/2026
630,3873,11,5,178.77,USD,Bank Transfer,15/10/2025
631,355,19,5,259.21,USD,Voucher,07/12/2024
632,1645,15,1,240.64,USD,Voucher,27/03/2026
633,632,25,5,130.64,USD,Bank Transfer,05/04/2026
634,3261,26,1,212.47,USD,Cash,22/08/2025
635,1509,6,4,395.92,USD,Cash,23/01/2025
636,278,21,3,454.95,USD,Bank Transfer,01/03/2025
637,3726,23,1,450.14,USD,Mobile Money,19/06/2026
638,2712,13,2,95.28,USD,Voucher,18/04/2025
639,128,10,3,83.85,USD,Bank Transfer,12/12/2024
640,4828,11,4,284.1,USD,Bank Transfer,21/09/2025
641,1142,29,4,360.68,USD,Bank Transfer,19/02/2026
642,4551,9,1,200.29,USD,Voucher,29/06/2026
643,2798,22,3,206.9,USD,Cash,26/01/2026
644,770,12,2,238.59,USD,Bank Transfer,29/06/2026
645,3509,11,1,410.58,USD,Cash,15/08/2025
646,1587,6,4,227.86,USD,Mobile Money,13/04/2026
647,3487,29,3,381.21,USD,Cash,19/02/2025
648,398,10,4,330.66,USD,Mobile Money,03/05/2026
649,126,16,1,328.85,USD,Bank Transfer,03/02/2025
650,3082,29,5,300.36,USD,Voucher,23/09/2024
651,2185,16,3,325.23,USD,Bank Transfer,05/08/2024
652,2721,21,4,269.71,USD,Cash,01/06/2026
653,2124,2,4,476.18,USD,Bank Transfer,02/10/2025
654,557,26,4,338.95,USD,Bank Transfer,13/08/2024
655,1639,24,2,194.87,USD,Mobile Money,25/04/2026
656,3225,12,3,491.46,USD,Mobile Money,06/04/2025
657,4915,16,5,397.55,USD,Voucher,22/12/2024
658,3767,16,3,168.14,USD,Mobile Money,26/12/2024
659,104,27,1,498.2,USD,Cash,05/09/2024
660,1510,1,3,494.57,USD,Voucher,07/04/2026
661,3741,8,1,307.87,USD,Bank Transfer,21/09/2025
662,2171,24,5,390.25,USD,Voucher,02/01/2025
663,3337,2,3,33.5,USD,Cash,12/05/2025
664,2066,8,1,99.83,USD,Bank Transfer,21/04/2025
665,4856,16,3,112.34,USD,Voucher,21/11/2025
666,2011,5,3,126.52,USD,Bank Transfer,07/05/2026
667,786,19,1,291.2,USD,Bank Transfer,04/06/2026
668,3884,28,2,169.99,USD,Mobile Money,31/08/2025
669,3671,26,2,183.7,USD,Bank Transfer,22/07/2025
670,2042,10,1,195.25,USD,Voucher,13/09/2024
671,4071,26,2,127.17,USD,Mobile Money,28/01/2026
672,1820,14,3,423.3,USD,Mobile Money,29/07/2024
673,4208,29,4,209.36,USD,Bank Transfer,24/10/2025
674,1532,4,4,352.3,USD,Cash,09/01/2025
675,4177,21,3,326.62,USD,Voucher,08/06/2025
676,1628,15,1,21.66,USD,Mobile Money,01/10/2025
677,1237,17,2,199.42,USD,Voucher,26/04/2025
678,2936,24,2,483.38,USD,Voucher,08/02/2026
679,3813,21,5,415.54,USD,Voucher,27/04/2025
680,4477,12,3,496.7,USD,Bank Transfer,06/02/2025
681,1311,21,2,190.67,USD,Mobile Money,21/05/2026
682,432,15,3,68.88,USD,Voucher,30/03/2025
683,2358,23,4,259.51,USD,Mobile Money,26/03/2026
684,1530,4,2,321.17,USD,Bank Transfer,06/03/2026
685,3217,29,4,40.82,USD,Bank Transfer,10/10/2024
686,4441,25,2,230.94,USD,Bank Transfer,03/06/2025
687,4221,3,3,45.3,USD,Bank Transfer,24/07/2025
688,4860,28,1,444,USD,Cash,18/02/2026
689,4816,7,5,397.67,USD,Voucher,11/01/2026
690,3174,20,2,92,USD,Cash,19/10/2025
691,3250,18,2,453.94,USD,Mobile Money,25/06/2026
692,567,19,3,402.3,USD,Mobile Money,02/10/2025
693,1407,16,2,148.66,USD,Cash,07/10/2025
694,563,28,5,462.84,USD,Mobile Money,15/03/2026
695,2473,9,4,426.48,USD,Bank Transfer,18/01/2025
696,4177,12,1,151.16,USD,Voucher,04/11/2024
697,3965,25,4,384.55,USD,Voucher,27/02/2026
698,3326,27,4,72.5,USD,Bank Transfer,21/02/2025
699,2920,13,1,39.48,USD,Bank Transfer,04/11/2025
700,2996,5,4,491.72,USD,Bank Transfer,25/04/2025
701,4664,22,4,499.18,USD,Voucher,05/01/2025
702,2926,24,4,274.4,USD,Mobile Money,16/01/2025
703,462,9,2,198.02,USD,Voucher,23/02/2026
704,1638,12,5,394.23,USD,Cash,22/12/2024
705,4610,14,4,112.2,USD,Mobile Money,25/01/2025
706,4987,15,1,133.45,USD,Mobile Money,30/09/2024
707,1418,2,4,142.91,USD,Bank Transfer,19/10/2024
708,2540,27,1,42.44,USD,Mobile Money,07/12/2025
709,3227,12,4,122.59,USD,Cash,02/05/2025
710,4611,5,5,230.81,USD,Mobile Money,04/09/2025
711,2478,6,5,459.72,USD,Voucher,12/04/2025
712,1597,6,3,132.99,USD,Voucher,23/12/2024
713,2883,24,4,295.05,USD,Voucher,29/04/2025
714,407,27,1,190.09,USD,Cash,23/04/2026
715,2447,6,2,173.24,USD,Mobile Money,07/10/2025
716,1909,16,5,317.55,USD,Cash,25/01/2026
717,915,15,4,431.61,USD,Cash,15/04/2025
718,3582,27,4,215.46,USD,Bank Transfer,11/09/2024
719,4510,16,3,184.62,USD,Voucher,02/08/2024
720,2201,28,4,482.46,USD,Bank Transfer,22/04/2026
721,2668,25,3,211.41,USD,Cash,22/05/2026
722,120,2,2,160.09,USD,Mobile Money,17/08/2025
723,2866,10,2,472.69,USD,Cash,10/06/2025
724,597,25,3,214.22,USD,Voucher,02/12/2024
725,2561,16,4,328.01,USD,Mobile Money,02/09/2024
726,4158,25,4,372.98,USD,Cash,15/07/2025
727,3692,25,3,311.07,USD,Voucher,08/02/2026
728,2346,8,2,372,USD,Mobile Money,29/08/2025
729,2657,1,3,232.03,USD,Bank Transfer,01/10/2025
730,4825,7,3,175.24,USD,Cash,31/03/2025
731,2470,13,4,132.21,USD,Cash,24/07/2024
732,3454,30,3,266.58,USD,Mobile Money,06/10/2025
733,4201,12,2,428.48,USD,Mobile Money,10/03/2025
734,2958,11,4,258.37,USD,Mobile Money,30/07/2024
735,539,18,1,144.67,USD,Bank Transfer,08/10/2024
736,3832,12,1,240.25,USD,Bank Transfer,27/08/2025
737,647,22,2,427.7,USD,Mobile Money,22/04/2026
738,2855,29,1,76.33,USD,Voucher,12/07/2025
739,4022,11,4,362.13,USD,Voucher,14/03/2026
740,4108,17,3,140.57,USD,Cash,08/04/2025
741,1119,14,4,415.73,USD,Cash,21/08/2025
742,3562,29,5,454.69,USD,Voucher,31/08/2024
743,4875,26,3,80.97,USD,Bank Transfer,04/06/2026
744,1706,13,2,377.14,USD,Cash,11/09/2024
745,1226,10,1,446.96,USD,Cash,04/05/2026
746,3765,11,2,44.07,USD,Cash,06/04/2026
747,2500,24,2,114.96,USD,Cash,15/09/2025
748,1623,6,3,407.4,USD,Cash,19/03/2025
749,875,30,4,88.84,USD,Voucher,10/05/2025
750,2268,10,5,444.32,USD,Mobile Money,07/07/2025
751,1832,23,3,340.26,USD,Mobile Money,01/01/2025
752,792,18,3,358.98,USD,Voucher,10/03/2025
753,4331,12,2,154.18,USD,Voucher,10/08/2025
754,3847,8,1,310.61,USD,Cash,14/11/2025
755,80,1,5,112.66,USD,Bank Transfer,18/06/2025
756,2528,16,3,122.48,USD,Cash,09/09/2025
757,2831,17,1,400.34,USD,Cash,22/06/2026
758,3289,5,3,457.15,USD,Voucher,13/05/2026
759,1967,24,2,34.91,USD,Bank Transfer,13/04/2026
760,4142,1,1,188.43,USD,Mobile Money,16/04/2026
761,2413,3,4,476.22,USD,Cash,15/02/2026
762,3447,18,1,283.83,USD,Voucher,13/05/2025
763,3902,6,3,275.02,USD,Voucher,23/08/2024
764,4560,7,5,424.59,USD,Cash,06/03/2025
765,546,9,3,473.49,USD,Mobile Money,05/05/2026
766,3358,19,5,324.97,USD,Mobile Money,08/12/2025
767,4400,21,1,350.83,USD,Mobile Money,10/10/2025
768,4358,16,1,326.97,USD,Cash,15/08/2025
769,3425,23,3,266.11,USD,Mobile Money,27/12/2024
770,4525,8,1,230.18,USD,Cash,20/07/2025
771,3789,22,5,381.62,USD,Mobile Money,10/04/2026
772,1750,6,3,119.06,USD,Mobile Money,09/02/2026
773,1863,5,5,225.72,USD,Voucher,06/01/2026
774,2598,22,3,195.27,USD,Bank Transfer,08/11/2025
775,1643,18,3,162.32,USD,Bank Transfer,17/11/2024
776,2700,4,2,477.15,USD,Bank Transfer,28/11/2025
777,4618,27,4,144.08,USD,Cash,17/05/2025
778,2119,5,1,437.77,USD,Mobile Money,03/05/2025
779,2209,14,2,270.79,USD,Mobile Money,07/08/2025
780,3734,16,2,84.2,USD,Voucher,09/10/2025
781,2678,15,5,348.07,USD,Mobile Money,07/05/2025
782,1162,3,1,384.7,USD,Bank Transfer,09/01/2026
783,4002,27,5,291.46,USD,Voucher,14/08/2025
784,3820,9,1,430.36,USD,Mobile Money,04/04/2025
785,3393,16,5,368.32,USD,Cash,04/10/2024
786,3691,5,3,381.64,USD,Cash,02/05/2026
787,2232,10,5,295.71,USD,Voucher,25/12/2024
788,1519,21,2,190.77,USD,Voucher,11/10/2025
789,1913,1,1,385.25,USD,Bank Transfer,05/10/2024
790,4438,2,3,181.22,USD,Cash,19/08/2025
791,1191,29,2,347.39,USD,Bank Transfer,16/02/2026
792,3603,25,5,496.02,USD,Bank Transfer,16/07/2026
793,793,20,1,282.06,USD,Voucher,12/08/2024
794,3660,5,1,155.9,USD,Mobile Money,28/09/2025
795,680,23,5,238.78,USD,Cash,05/07/2026
796,4251,1,2,265.29,USD,Mobile Money,03/03/2025
797,4407,8,4,195.7,USD,Bank Transfer,01/10/2024
798,2854,30,5,243.05,USD,Bank Transfer,13/01/2026
799,783,16,1,149.19,USD,Voucher,01/03/2025
800,4659,30,4,212.62,USD,Bank Transfer,14/07/2025
801,4021,15,3,351.3,USD,Voucher,22/12/2024
802,3028,20,5,489.61,USD,Bank Transfer,03/11/2025
803,4636,16,1,197.11,USD,Voucher,19/05/2025
804,4604,17,3,181.63,USD,Mobile Money,17/04/2025
805,214,7,4,163.53,USD,Mobile Money,15/11/2024
806,4305,6,3,486.55,USD,Bank Transfer,02/03/2025
807,1387,12,5,346.17,USD,Mobile Money,03/02/2026
808,2198,25,4,491.97,USD,Cash,15/05/2026
809,26,29,4,142.05,USD,Mobile Money,12/12/2025
810,872,3,5,490.24,USD,Cash,15/05/2025
811,1503,18,2,472.01,USD,Voucher,30/12/2024
812,4866,14,3,333.93,USD,Bank Transfer,25/12/2024
813,4099,8,1,254.81,USD,Voucher,12/08/2025
814,3269,20,4,59.16,USD,Bank Transfer,18/04/2025
815,2894,23,2,419.46,USD,Mobile Money,04/07/2025
816,3613,14,3,387.39,USD,Bank Transfer,05/03/2025
817,3410,7,3,479.54,USD,Mobile Money,28/04/2026
818,2131,11,3,371.65,USD,Voucher,10/04/2026
819,1606,1,5,436.59,USD,Mobile Money,09/03/2026
820,1218,10,3,489.34,USD,Cash,02/05/2026
821,1999,22,5,244.13,USD,Voucher,02/05/2025
822,1072,5,5,270.85,USD,Bank Transfer,05/12/2025
823,217,21,2,436.26,USD,Bank Transfer,26/02/2026
824,215,30,1,276.76,USD,Mobile Money,25/03/2025
825,2770,12,2,416.34,USD,Mobile Money,20/01/2026
826,3233,7,2,292.74,USD,Cash,25/09/2025
827,4064,15,1,300.21,USD,Bank Transfer,30/03/2026
828,3038,15,3,359.42,USD,Mobile Money,09/11/2024
829,151,25,1,445.47,USD,Voucher,17/12/2025
830,2239,22,1,277.95,USD,Cash,04/12/2024
831,810,8,1,423.11,USD,Cash,21/09/2024
832,203,15,1,226.36,USD,Cash,06/02/2026
833,3068,3,5,86.36,USD,Mobile Money,05/02/2025
834,3061,2,3,488.82,USD,Voucher,03/04/2026
835,116,21,2,81.2,USD,Mobile Money,01/06/2026
836,4130,6,1,193.39,USD,Cash,26/06/2025
837,4619,24,3,284.69,USD,Cash,28/11/2025
838,4003,28,3,102.04,USD,Voucher,18/09/2024
839,4732,29,1,431.05,USD,Bank Transfer,08/09/2025
840,2003,13,2,29.79,USD,Cash,06/09/2025
841,1250,24,4,430.26,USD,Cash,16/04/2025
842,485,22,2,65.53,USD,Bank Transfer,05/10/2024
843,2695,3,1,495.54,USD,Voucher,28/04/2026
844,1424,30,5,196.17,USD,Mobile Money,07/06/2026
845,885,18,4,323.95,USD,Voucher,27/04/2025
846,2006,28,4,133.28,USD,Mobile Money,06/12/2025
847,1126,16,4,242.1,USD,Cash,20/11/2025
848,2626,1,1,166.81,USD,Mobile Money,15/05/2026
849,530,27,4,470.41,USD,Mobile Money,30/04/2025
850,3183,19,2,349.03,USD,Mobile Money,18/12/2025
851,1230,11,5,29.91,USD,Mobile Money,30/04/2026
852,2001,2,1,294.06,USD,Voucher,15/10/2025
853,4289,25,4,200.32,USD,Bank Transfer,06/07/2026
854,4489,8,4,239.67,USD,Cash,26/10/2024
855,2448,8,1,108.47,USD,Voucher,19/02/2026
856,1985,13,3,358.17,USD,Cash,20/07/2024
857,2515,12,1,315.83,USD,Bank Transfer,04/07/2026
858,1254,9,4,404.25,USD,Voucher,17/11/2024
859,3070,3,2,153.03,USD,Cash,28/07/2024
860,2206,29,5,338.96,USD,Cash,11/01/2026
861,3104,5,4,116.22,USD,Mobile Money,14/06/2025
862,4963,24,1,311.94,USD,Mobile Money,01/12/2024
863,4060,29,1,279.34,USD,Cash,14/02/2026
864,2894,28,3,356.89,USD,Voucher,27/01/2026
865,2894,26,3,123.49,USD,Bank Transfer,12/04/2025
866,2749,28,5,315.17,USD,Voucher,27/09/2025
867,2374,15,2,436.56,USD,Bank Transfer,27/11/2025
868,1300,4,4,54.4,USD,Bank Transfer,10/03/2026
869,2636,10,2,295.69,USD,Cash,01/08/2024
870,858,25,1,57.67,USD,Bank Transfer,09/07/2026
871,2004,17,4,166.78,USD,Bank Transfer,18/06/2026
872,2655,30,2,370.24,USD,Bank Transfer,13/08/2025
873,2151,5,4,391.1,USD,Mobile Money,09/12/2025
874,3380,16,5,281.65,USD,Bank Transfer,27/04/2025
875,155,22,2,188.49,USD,Cash,26/03/2025
876,1198,26,4,350.99,USD,Voucher,04/05/2026
877,1632,18,5,253.6,USD,Mobile Money,15/08/2025
878,3190,2,3,382.95,USD,Cash,07/10/2024
879,1637,15,3,469.06,USD,Bank Transfer,01/10/2024
880,4670,23,5,24.15,USD,Voucher,28/10/2025
881,4779,27,5,124.7,USD,Voucher,09/02/2026
882,4391,18,3,447.24,USD,Voucher,27/04/2025
883,2014,12,1,430.19,USD,Cash,18/11/2024
884,2449,22,5,224.43,USD,Voucher,22/12/2024
885,2051,4,4,245.15,USD,Voucher,23/11/2025
886,849,4,2,334.49,USD,Mobile Money,23/04/2025
887,1638,12,1,482.63,USD,Mobile Money,21/11/2024
888,4271,4,5,345.53,USD,Cash,06/04/2026
889,3205,24,5,174.63,USD,Mobile Money,11/09/2025
890,2361,13,3,474.51,USD,Mobile Money,30/08/2024
891,3986,26,4,439.68,USD,Cash,10/08/2025
892,3228,15,4,495.92,USD,Cash,27/11/2025
893,626,10,2,246.2,USD,Cash,17/03/2025
894,522,23,5,278.9,USD,Cash,25/10/2024
895,1407,1,2,60.6,USD,Bank Transfer,15/09/2024
896,1872,26,1,242.85,USD,Voucher,06/09/2024
897,1784,13,5,222.7,USD,Bank Transfer,26/09/2025
898,862,24,1,290.02,USD,Cash,07/06/2025
899,3489,22,5,497.04,USD,Voucher,05/01/2025
900,3425,5,2,454.53,USD,Cash,31/10/2024
901,1565,2,3,157.09,USD,Mobile Money,15/02/2025
902,1854,11,4,461.17,USD,Cash,16/05/2026
903,3181,3,3,381.82,USD,Cash,01/01/2025
904,970,18,2,429.56,USD,Mobile Money,22/10/2025
905,1852,7,4,125.14,USD,Voucher,07/03/2025
906,4785,9,4,69.37,USD,Bank Transfer,04/04/2026
907,4028,4,5,459.57,USD,Voucher,05/03/2026
908,3556,7,2,94.73,USD,Bank Transfer,04/04/2025
909,3212,6,1,93.5,USD,Bank Transfer,29/06/2025
910,3895,7,1,234.62,USD,Bank Transfer,18/08/2025
911,1067,8,3,361.71,USD,Mobile Money,15/12/2024
912,2874,3,5,356.32,USD,Voucher,18/06/2025
913,625,8,3,264.75,USD,Cash,31/10/2025
914,1530,30,2,391.03,USD,Mobile Money,23/05/2025
915,1323,13,4,218.17,USD,Voucher,16/09/2024
916,3945,12,3,167.4,USD,Bank Transfer,14/08/2025
917,3150,21,4,420.75,USD,Voucher,17/01/2025
918,728,18,3,260.85,USD,Voucher,14/10/2024
919,1787,18,4,350.78,USD,Cash,28/05/2025
920,2141,20,5,94.27,USD,Voucher,06/07/2025
921,3293,8,4,122.61,USD,Bank Transfer,16/07/2026
922,1043,15,5,202.87,USD,Bank Transfer,19/12/2024
923,123,12,1,320.22,USD,Voucher,27/10/2024
924,4635,14,1,201.38,USD,Mobile Money,27/07/2024
925,4685,13,4,43.4,USD,Bank Transfer,01/07/2026
926,2386,27,4,499.55,USD,Bank Transfer,26/08/2025
927,415,5,4,384.98,USD,Cash,23/01/2025
928,2634,20,1,89.97,USD,Cash,16/01/2025
929,2067,10,4,38.55,USD,Cash,25/02/2025
930,4731,22,4,294.9,USD,Bank Transfer,10/06/2026
931,4005,1,5,120.98,USD,Cash,14/06/2026
932,2207,11,2,347.98,USD,Bank Transfer,20/08/2024
933,35,8,1,387.51,USD,Voucher,02/12/2025
934,1596,19,4,187.38,USD,Voucher,08/04/2026
935,4541,10,3,385.58,USD,Voucher,05/11/2025
936,2451,4,2,334.3,USD,Bank Transfer,09/04/2026
937,2185,8,3,278.59,USD,Voucher,28/09/2025
938,4665,2,2,344.18,USD,Cash,11/10/2024
939,2489,26,4,258.01,USD,Cash,07/09/2025
940,1918,20,1,309.39,USD,Cash,23/05/2026
941,3677,11,5,399.77,USD,Voucher,18/03/2026
942,1109,7,1,433.09,USD,Mobile Money,27/01/2025
943,1233,27,4,198.66,USD,Voucher,05/10/2024
944,641,11,5,348.66,USD,Voucher,13/07/2025
945,2921,3,4,56.08,USD,Cash,29/06/2025
946,2729,24,4,96.81,USD,Bank Transfer,07/06/2026
947,3759,30,5,174.73,USD,Voucher,16/08/2025
948,2148,29,5,424.8,USD,Cash,27/12/2024
949,3681,28,3,59.51,USD,Cash,16/05/2026
950,722,10,5,28.54,USD,Voucher,17/06/2026
951,2194,27,1,398.94,USD,Bank Transfer,22/03/2025
952,3348,7,5,64.17,USD,Voucher,01/03/2025
953,1756,25,1,315.42,USD,Voucher,06/11/2024
954,3905,15,4,389.45,USD,Mobile Money,20/10/2025
955,3292,10,4,110.27,USD,Mobile Money,19/02/2026
956,765,2,4,115.55,USD,Voucher,19/02/2026
957,3318,23,2,326.48,USD,Cash,21/01/2026
958,97,6,1,472.47,USD,Bank Transfer,07/08/2025
959,1364,9,3,363.05,USD,Voucher,10/11/2024
960,1256,12,4,253.64,USD,Cash,03/06/2025
961,266,5,3,86.67,USD,Bank Transfer,11/06/2025
962,2904,12,2,404.47,USD,Cash,19/11/2025
963,4785,20,5,479.03,USD,Cash,25/04/2026
964,4457,23,2,230.9,USD,Bank Transfer,17/06/2026
965,3796,8,4,407.12,USD,Mobile Money,24/05/2025
966,2613,14,5,272.53,USD,Mobile Money,29/03/2025
967,1433,16,1,111.49,USD,Bank Transfer,21/06/2026
968,1650,13,4,128.23,USD,Mobile Money,07/12/2024
969,224,15,2,277.44,USD,Mobile Money,20/05/2025
970,3079,8,2,232.89,USD,Cash,26/08/2025
971,4877,10,4,425.59,USD,Voucher,27/07/2025
972,4378,12,3,132.28,USD,Voucher,01/02/2026
973,1463,8,3,281.71,USD,Mobile Money,13/04/2025
974,4844,4,1,379.52,USD,Voucher,11/04/2026
975,983,1,3,29.75,USD,Voucher,01/12/2024
976,3209,12,3,461.84,USD,Voucher,26/06/2025
977,2856,6,5,485.03,USD,Bank Transfer,02/11/2025
978,850,27,4,186.51,USD,Cash,19/07/2025
979,3669,12,4,191.4,USD,Bank Transfer,11/02/2026
980,4006,3,2,488.43,USD,Mobile Money,10/03/2025
981,4047,18,3,429.03,USD,Bank Transfer,26/06/2025
982,1938,12,2,256.81,USD,Mobile Money,29/09/2024
983,3566,5,2,430.03,USD,Bank Transfer,08/12/2024
984,2033,9,5,399.82,USD,Mobile Money,17/03/2025
985,3722,1,3,116.31,USD,Cash,09/01/2025
986,162,22,2,279.07,USD,Cash,07/06/2025
987,4013,4,3,87.04,USD,Mobile Money,26/09/2025
988,2103,14,3,82.59,USD,Cash,22/03/2025
989,387,21,3,347.58,USD,Bank Transfer,31/05/2026
990,3807,27,4,400.34,USD,Bank Transfer,03/03/2025
991,1924,25,5,498.36,USD,Bank Transfer,01/07/2026
992,4327,28,4,196.72,USD,Mobile Money,19/04/2025
993,4742,1,5,87.23,USD,Cash,07/04/2025
994,747,30,5,212.22,USD,Bank Transfer,04/03/2025
995,3103,10,5,327.05,USD,Voucher,08/10/2025
996,3510,12,5,486.76,USD,Voucher,22/11/2025
997,541,11,1,48.77,USD,Voucher,22/09/2025
998,1315,27,1,119.06,USD,Cash,01/12/2025
999,1371,4,3,72.37,USD,Voucher,14/10/2025
1000,2314,1,5,220.83,USD,Bank Transfer,27/06/2025
1001,3884,20,4,418.45,USD,Bank Transfer,25/07/2024
1002,2543,24,3,189.09,USD,Bank Transfer,19/08/2025
1003,2477,9,4,455.6,USD,Voucher,25/05/2025
1004,2727,17,1,493.98,USD,Voucher,01/10/2024
1005,2824,26,1,26.72,USD,Bank Transfer,21/03/2025
1006,1293,19,1,228.46,USD,Bank Transfer,03/05/2026
1007,4317,10,4,313.14,USD,Mobile Money,29/12/2024
1008,1036,4,3,231.52,USD,Bank Transfer,17/09/2025
1009,1464,8,5,187.64,USD,Voucher,27/08/2024
1010,3431,27,4,191.33,USD,Voucher,01/08/2025
1011,3935,1,1,442.37,USD,Cash,22/02/2026
1012,430,17,5,74.46,USD,Bank Transfer,12/12/2025
1013,1844,4,4,139.38,USD,Mobile Money,23/01/2026
1014,1635,28,4,372.29,USD,Cash,28/09/2025
1015,2292,25,5,120.33,USD,Voucher,10/11/2025
1016,2024,10,2,495.93,USD,Mobile Money,13/07/2025
1017,3830,12,4,70,USD,Bank Transfer,09/03/2026
1018,4478,9,4,484.24,USD,Bank Transfer,04/10/2024
1019,4128,10,4,428.76,USD,Voucher,01/10/2025
1020,1975,8,3,96.85,USD,Mobile Money,31/08/2024
1021,3645,14,4,232.2,USD,Bank Transfer,16/10/2024
1022,2842,8,3,387.64,USD,Mobile Money,10/04/2026
1023,1469,17,2,48.12,USD,Mobile Money,10/03/2026
1024,2595,28,5,120.28,USD,Bank Transfer,18/11/2025
1025,4031,5,4,355.11,USD,Voucher,28/07/2024
1026,927,18,4,83.84,USD,Mobile Money,08/12/2025
1027,3000,21,1,427.26,USD,Cash,22/10/2024
1028,2620,5,4,197.27,USD,Mobile Money,21/02/2026
1029,3389,28,5,247.63,USD,Cash,16/07/2025
1030,2924,6,1,389.23,USD,Cash,04/03/2025
1031,3491,23,2,345.55,USD,Bank Transfer,29/09/2025
1032,470,23,4,58.15,USD,Bank Transfer,20/03/2025
1033,3778,27,3,433.22,USD,Mobile Money,19/02/2025
1034,3504,12,5,148.9,USD,Voucher,08/11/2024
1035,2249,4,3,141.31,USD,Voucher,25/11/2024
1036,4038,17,1,436.66,USD,Cash,11/07/2026
1037,2113,11,5,339.48,USD,Mobile Money,03/11/2025
1038,280,8,5,44.76,USD,Cash,18/04/2026
1039,4800,10,1,252.82,USD,Voucher,17/02/2025
1040,4950,14,5,225.15,USD,Mobile Money,06/05/2025
1041,4516,14,3,141.2,USD,Mobile Money,10/02/2026
1042,1920,1,1,352.71,USD,Bank Transfer,06/05/2025
1043,758,21,5,309.43,USD,Cash,12/01/2026
1044,1910,2,3,304.69,USD,Bank Transfer,10/09/2025
1045,4240,8,4,235.73,USD,Bank Transfer,07/01/2025
1046,3404,16,1,436.08,USD,Bank Transfer,08/09/2024
1047,4794,27,4,131.23,USD,Voucher,02/03/2025
1048,475,16,1,164.51,USD,Voucher,06/04/2026
1049,2128,19,1,472.27,USD,Cash,23/07/2025
1050,3929,7,5,209.02,USD,Cash,11/11/2025
1051,474,15,3,76.93,USD,Cash,05/02/2026
1052,3145,28,1,437.57,USD,Mobile Money,16/09/2024
1053,1002,2,4,54.5,USD,Cash,12/07/2025
1054,3419,8,4,464.31,USD,Cash,27/12/2025
1055,4000,13,5,279.19,USD,Bank Transfer,09/12/2024
1056,988,13,1,309.56,USD,Mobile Money,24/02/2025
1057,4398,19,3,44.44,USD,Cash,14/09/2025
1058,3800,10,5,56.79,USD,Bank Transfer,04/03/2025
1059,4119,19,5,337.04,USD,Cash,09/02/2026
1060,620,22,5,133.96,USD,Mobile Money,05/11/2025
1061,1385,10,1,85.46,USD,Mobile Money,07/08/2024
1062,698,9,1,221.92,USD,Bank Transfer,14/10/2025
1063,677,24,4,336.45,USD,Bank Transfer,12/08/2024
1064,2891,27,3,453.04,USD,Mobile Money,01/06/2026
1065,1353,17,4,381.63,USD,Cash,15/12/2025
1066,1755,10,1,428.44,USD,Mobile Money,26/08/2025
1067,1665,13,5,224.5,USD,Voucher,05/02/2026
1068,482,6,2,182.51,USD,Mobile Money,19/01/2025
1069,492,21,3,213.4,USD,Mobile Money,16/04/2025
1070,3181,25,2,307.8,USD,Mobile Money,13/01/2026
1071,1280,6,1,73.76,USD,Cash,13/09/2025
1072,1774,26,3,146.4,USD,Mobile Money,16/07/2026
1073,3908,8,4,463.97,USD,Mobile Money,01/02/2025
1074,2147,7,5,81.89,USD,Cash,06/04/2025
1075,3158,6,5,184.12,USD,Mobile Money,09/04/2026
1076,2110,6,4,58.63,USD,Cash,31/12/2025
1077,366,7,2,367.14,USD,Voucher,23/01/2025
1078,4566,25,2,459.58,USD,Mobile Money,28/03/2026
1079,2140,12,4,436.76,USD,Cash,18/03/2025
1080,2092,1,2,173,USD,Bank Transfer,06/05/2026
1081,2423,26,1,448.55,USD,Mobile Money,05/05/2025
1082,3720,3,1,159.69,USD,Mobile Money,04/06/2026
1083,4856,30,4,219.22,USD,Mobile Money,23/09/2025
1084,3293,13,1,177.23,USD,Voucher,21/03/2026
1085,3045,12,1,100.6,USD,Mobile Money,10/12/2025
1086,2175,28,1,323.99,USD,Voucher,19/06/2026
1087,4492,26,1,469.99,USD,Cash,05/08/2024
1088,3250,17,3,91.99,USD,Voucher,13/03/2026
1089,4086,27,2,314.67,USD,Bank Transfer,22/04/2026
1090,124,21,5,499.18,USD,Mobile Money,28/01/2026
1091,282,27,4,93.33,USD,Mobile Money,06/02/2025
1092,2140,10,3,99.28,USD,Cash,21/11/2025
1093,2869,29,2,303.99,USD,Voucher,05/05/2025
1094,2946,16,3,121.87,USD,Voucher,09/07/2025
1095,628,9,2,103.97,USD,Bank Transfer,22/09/2024
1096,4057,22,4,451.19,USD,Cash,03/04/2026
1097,2811,4,2,247.65,USD,Voucher,06/10/2024
1098,4445,20,5,324.04,USD,Voucher,02/10/2025
1099,346,28,1,294.61,USD,Voucher,14/11/2025
1100,2770,17,1,157.24,USD,Voucher,23/10/2024
1101,616,29,5,122.69,USD,Cash,04/01/2025
1102,2137,4,3,336.69,USD,Cash,30/06/2025
1103,3332,1,3,67.23,USD,Bank Transfer,18/10/2024
1104,4813,24,1,410.51,USD,Mobile Money,26/06/2025
1105,2032,26,2,258.79,USD,Cash,11/12/2024
1106,2958,11,3,477.59,USD,Cash,11/12/2025
1107,3571,27,4,138.85,USD,Voucher,09/02/2026
1108,3173,16,2,359.42,USD,Voucher,18/10/2025
1109,1568,16,5,29.74,USD,Mobile Money,18/07/2026
1110,2027,28,5,381.44,USD,Mobile Money,20/08/2024
1111,3993,29,4,216.96,USD,Mobile Money,26/03/2025
1112,1623,9,3,157.12,USD,Voucher,23/01/2026
1113,1979,14,1,108.33,USD,Cash,14/04/2025
1114,2727,15,3,99.74,USD,Bank Transfer,22/03/2026
1115,3346,13,3,416.99,USD,Bank Transfer,19/05/2026
1116,2251,16,1,36.82,USD,Bank Transfer,22/04/2025
1117,1138,27,5,403.89,USD,Voucher,02/07/2026
1118,2697,16,4,92.93,USD,Voucher,18/03/2026
1119,2319,8,3,412.51,USD,Voucher,09/05/2026
1120,4447,23,2,264.74,USD,Mobile Money,17/04/2026
1121,3142,10,2,44.95,USD,Bank Transfer,05/11/2024
1122,4700,2,3,433.61,USD,Cash,08/01/2026
1123,3530,13,5,206.17,USD,Mobile Money,18/05/2026
1124,1823,4,4,195.36,USD,Voucher,18/06/2026
1125,4956,22,3,454.12,USD,Bank Transfer,03/10/2024
1126,944,28,3,167.57,USD,Mobile Money,24/09/2025
1127,1054,28,1,412.93,USD,Cash,31/05/2026
1128,1540,11,1,217.29,USD,Voucher,04/07/2025
1129,3296,4,1,94.95,USD,Mobile Money,09/01/2025
1130,4208,4,2,358.19,USD,Cash,16/11/2024
1131,1828,13,3,144.86,USD,Voucher,11/04/2026
1132,1322,19,2,310.34,USD,Voucher,20/10/2025
1133,4452,5,2,344.14,USD,Voucher,26/11/2025
1134,1999,27,4,134.62,USD,Cash,14/12/2024
1135,3506,8,5,195.69,USD,Cash,01/01/2026
1136,268,2,3,143.87,USD,Bank Transfer,11/12/2025
1137,4534,13,3,213.91,USD,Cash,18/09/2024
1138,1247,12,2,468.93,USD,Mobile Money,31/12/2025
1139,4457,23,2,69.12,USD,Mobile Money,08/03/2026
1140,4468,21,1,363.02,USD,Mobile Money,02/08/2024
1141,1495,8,5,355.58,USD,Mobile Money,27/05/2025
1142,3418,28,2,453.31,USD,Cash,03/01/2025
1143,1342,9,1,164.7,USD,Voucher,01/02/2026
1144,4626,11,4,471.94,USD,Bank Transfer,29/01/2025
1145,1924,25,1,477.67,USD,Mobile Money,08/03/2026
1146,4164,7,4,488.48,USD,Bank Transfer,22/01/2026
1147,1783,9,1,78.7,USD,Voucher,23/05/2025
1148,3060,21,2,84.11,USD,Cash,04/03/2026
1149,178,17,1,437.51,USD,Mobile Money,17/06/2026
1150,3184,23,3,255.28,USD,Mobile Money,15/02/2025
1151,674,20,2,490.83,USD,Mobile Money,25/09/2024
1152,2913,12,4,370.3,USD,Cash,14/12/2025
1153,4869,25,3,139.75,USD,Bank Transfer,12/11/2025
1154,1780,13,2,203.27,USD,Voucher,06/01/2025
1155,387,13,5,200.09,USD,Cash,07/02/2025
1156,3260,2,1,249.17,USD,Cash,07/09/2024
1157,2587,19,1,402.01,USD,Voucher,04/09/2024
1158,4635,8,2,455.26,USD,Cash,03/06/2026
1159,4208,6,3,293.48,USD,Mobile Money,21/05/2025
1160,3167,13,1,396.98,USD,Voucher,09/10/2025
1161,517,1,1,192.03,USD,Mobile Money,08/10/2024
1162,4175,6,4,414.4,USD,Voucher,11/01/2026
1163,1510,20,2,115.6,USD,Bank Transfer,16/02/2025
1164,1068,17,2,475.08,USD,Bank Transfer,21/11/2025
1165,1324,30,3,417.31,USD,Cash,27/11/2025
1166,2207,23,3,467.16,USD,Mobile Money,08/01/2026
1167,4047,10,4,249.15,USD,Cash,14/01/2026
1168,4469,2,4,297.48,USD,Mobile Money,08/08/2024
1169,4797,23,3,399.79,USD,Mobile Money,12/09/2024
1170,2962,16,5,466.56,USD,Cash,05/05/2025
1171,3019,5,4,436.22,USD,Cash,05/09/2024
1172,2561,21,5,377.18,USD,Bank Transfer,03/11/2025
1173,3097,15,3,107.27,USD,Voucher,29/03/2026
1174,3010,30,2,48.29,USD,Bank Transfer,07/06/2026
1175,1580,14,5,243.1,USD,Cash,26/11/2025
1176,3824,28,3,278.68,USD,Bank Transfer,16/11/2024
1177,4430,7,3,85.33,USD,Bank Transfer,25/06/2025
1178,4284,15,3,106.72,USD,Cash,09/09/2025
1179,4668,13,3,208.98,USD,Bank Transfer,04/07/2026
1180,3604,16,2,231.54,USD,Voucher,17/12/2025
1181,4493,4,1,274.23,USD,Cash,13/07/2025
1182,2596,24,3,252.09,USD,Voucher,31/08/2024
1183,691,28,3,46.83,USD,Cash,01/10/2025
1184,422,24,4,264.7,USD,Cash,13/12/2025
1185,2,7,2,370.92,USD,Voucher,11/08/2025
1186,3836,11,2,109.05,USD,Cash,18/05/2025
1187,916,4,4,136.85,USD,Mobile Money,09/06/2025
1188,1995,5,2,390.46,USD,Cash,19/08/2025
1189,4999,18,5,37.18,USD,Cash,22/02/2025
1190,4624,15,1,367.15,USD,Mobile Money,04/01/2025
1191,2203,24,1,278.85,USD,Voucher,01/10/2024
1192,1200,7,2,34.89,USD,Voucher,05/10/2024
1193,936,20,5,294.02,USD,Voucher,15/09/2024
1194,2327,14,4,288.67,USD,Voucher,02/01/2026
1195,2568,21,3,280.61,USD,Voucher,30/10/2024
1196,321,4,1,117.9,USD,Mobile Money,17/01/2025
1197,3475,7,5,370.62,USD,Mobile Money,09/08/2025
1198,300,22,5,59.51,USD,Bank Transfer,31/07/2024
1199,4132,21,2,84.81,USD,Voucher,27/05/2025
1200,1539,26,4,99.43,USD,Cash,03/07/2025
1201,3862,3,3,264.65,USD,Mobile Money,11/01/2025
1202,661,23,2,399.17,USD,Mobile Money,28/04/2025
1203,4107,15,4,468.24,USD,Mobile Money,06/05/2025
1204,3802,4,5,135.69,USD,Cash,16/08/2025
1205,1978,8,5,129.56,USD,Mobile Money,07/01/2026
1206,1134,12,1,85.31,USD,Voucher,12/09/2025
1207,2368,19,2,356.25,USD,Cash,11/06/2026
1208,4858,28,1,379.8,USD,Mobile Money,08/11/2024
1209,1610,5,2,231.73,USD,Mobile Money,10/09/2024
1210,1570,25,1,276.43,USD,Voucher,25/12/2025
1211,3862,6,1,256.42,USD,Bank Transfer,27/06/2025
1212,460,7,3,394.45,USD,Voucher,03/03/2025
1213,3538,8,5,53.47,USD,Bank Transfer,31/10/2025
1214,3774,15,1,164.01,USD,Voucher,05/06/2025
1215,2207,20,3,160.09,USD,Cash,01/05/2025
1216,3657,11,5,302.46,USD,Cash,10/10/2025
1217,2937,9,3,409.21,USD,Voucher,01/05/2026
1218,1841,30,1,311.78,USD,Voucher,23/10/2025
1219,38,24,4,305.94,USD,Voucher,25/10/2024
1220,3478,29,4,405.87,USD,Mobile Money,21/08/2024
1221,3746,22,3,134.42,USD,Cash,11/12/2025
1222,936,25,2,50.95,USD,Cash,07/05/2026
1223,2893,11,3,47.29,USD,Voucher,19/04/2026
1224,1638,27,4,271.34,USD,Cash,03/03/2026
1225,2344,19,1,294.26,USD,Bank Transfer,07/01/2025
1226,3954,1,1,418.92,USD,Mobile Money,07/07/2025
1227,4934,5,1,160.56,USD,Voucher,16/03/2025
1228,4621,25,5,187.91,USD,Mobile Money,12/02/2026
1229,1505,13,5,414.91,USD,Cash,07/12/2024
1230,4147,12,1,182.78,USD,Mobile Money,03/04/2025
1231,4677,29,2,98.94,USD,Mobile Money,11/02/2026
1232,3803,29,1,409.57,USD,Cash,17/11/2025
1233,2487,30,4,319.74,USD,Bank Transfer,10/05/2026
1234,2126,2,4,201.67,USD,Mobile Money,10/08/2025
1235,793,22,1,71.73,USD,Voucher,17/01/2025
1236,2408,17,5,372.81,USD,Cash,22/04/2026
1237,3887,8,5,145.98,USD,Voucher,07/11/2025
1238,3843,12,2,71.09,USD,Bank Transfer,27/05/2025
1239,902,30,2,273.18,USD,Voucher,29/04/2025
1240,3252,21,3,444.32,USD,Mobile Money,13/08/2025
1241,1281,29,4,71.11,USD,Mobile Money,15/07/2026
1242,4708,19,1,300.86,USD,Bank Transfer,07/10/2024
1243,789,8,5,417.96,USD,Mobile Money,21/08/2025
1244,565,30,1,417.49,USD,Mobile Money,05/10/2025
1245,3978,20,4,140.1,USD,Voucher,24/06/2025
1246,3643,12,4,271.82,USD,Mobile Money,17/01/2025
1247,692,4,1,410.65,USD,Cash,08/09/2024
1248,2248,23,1,296.26,USD,Bank Transfer,21/08/2025
1249,2995,30,4,429.1,USD,Voucher,17/04/2026
1250,188,1,5,499.05,USD,Voucher,03/06/2026
1251,880,16,5,339.24,USD,Cash,01/08/2024
1252,4211,5,4,371.53,USD,Voucher,09/08/2025
1253,3241,1,5,81.62,USD,Cash,08/03/2025
1254,2483,17,3,422.43,USD,Bank Transfer,31/12/2024
1255,2873,11,2,423.29,USD,Mobile Money,01/03/2025
1256,1010,27,2,25.23,USD,Mobile Money,09/07/2026
1257,3552,7,3,234.68,USD,Mobile Money,29/03/2025
1258,2814,1,4,117.57,USD,Bank Transfer,14/02/2025
1259,4610,17,1,296.28,USD,Cash,06/09/2025
1260,2791,23,4,224.31,USD,Bank Transfer,03/07/2026
1261,259,21,5,387.07,USD,Voucher,30/08/2024
1262,4650,15,1,224.83,USD,Bank Transfer,10/07/2026
1263,4811,2,4,200.5,USD,Cash,05/05/2025
1264,3073,26,4,218.88,USD,Mobile Money,29/10/2024
1265,2581,30,5,295.65,USD,Mobile Money,27/02/2026
1266,1720,28,3,446.88,USD,Bank Transfer,07/01/2025
1267,3815,3,2,33.28,USD,Voucher,03/09/2025
1268,3944,7,2,386.37,USD,Mobile Money,10/10/2025
1269,1760,16,5,30.53,USD,Cash,26/09/2024
1270,4531,22,3,205.41,USD,Voucher,22/06/2026
1271,4654,28,5,445.31,USD,Bank Transfer,16/06/2025
1272,4066,8,3,335.25,USD,Bank Transfer,14/01/2025
1273,2193,7,3,476.18,USD,Cash,18/05/2026
1274,652,12,1,337.67,USD,Mobile Money,25/09/2025
1275,4015,2,4,387.84,USD,Mobile Money,03/02/2026
1276,644,27,2,250.26,USD,Mobile Money,11/05/2026
1277,3115,30,3,186.35,USD,Bank Transfer,31/03/2025
1278,311,15,3,193.53,USD,Mobile Money,15/10/2024
1279,3432,1,5,149.69,USD,Bank Transfer,13/04/2025
1280,2189,20,4,96.17,USD,Voucher,24/02/2026
1281,385,19,5,92.67,USD,Cash,29/04/2026
1282,3265,7,2,209.09,USD,Bank Transfer,23/05/2026
1283,2478,14,1,160.02,USD,Mobile Money,01/02/2026
1284,4487,12,2,376.82,USD,Voucher,11/05/2025
1285,162,1,3,370.41,USD,Mobile Money,19/03/2025
1286,912,21,5,361.01,USD,Voucher,14/04/2025
1287,3167,10,2,78.92,USD,Cash,22/11/2025
1288,4802,14,5,79.84,USD,Cash,15/06/2026
1289,3155,25,3,83.06,USD,Bank Transfer,06/06/2025
1290,4551,19,1,173.64,USD,Cash,05/02/2025
1291,3759,1,2,204.44,USD,Mobile Money,30/10/2025
1292,3909,21,3,456.83,USD,Cash,08/03/2026
1293,2599,5,1,420.07,USD,Bank Transfer,13/01/2026
1294,262,1,4,351.62,USD,Cash,02/10/2024
1295,3744,13,1,158.81,USD,Bank Transfer,20/01/2026
1296,2225,6,3,320.49,USD,Voucher,02/09/2025
1297,4907,27,1,317.56,USD,Bank Transfer,05/12/2025
1298,3812,24,3,320.19,USD,Mobile Money,02/03/2025
1299,1046,23,5,275.1,USD,Bank Transfer,06/08/2024
1300,3833,21,3,468.03,USD,Voucher,23/12/2025
1301,1476,21,2,105.9,USD,Cash,22/06/2026
1302,3965,19,1,139.74,USD,Cash,01/10/2024
1303,4398,6,3,62.93,USD,Mobile Money,27/03/2025
1304,4596,19,4,339.69,USD,Voucher,27/03/2026
1305,4401,21,5,171.37,USD,Cash,20/10/2025
1306,2123,14,4,413.56,USD,Cash,29/04/2025
1307,840,6,3,475.08,USD,Voucher,25/06/2026
1308,2719,5,2,426.94,USD,Bank Transfer,30/09/2025
1309,3902,6,5,76.03,USD,Voucher,15/09/2025
1310,715,7,5,363.6,USD,Voucher,15/11/2025
1311,2186,6,2,411.64,USD,Bank Transfer,24/05/2025
1312,710,24,4,400.48,USD,Voucher,27/02/2026
1313,1181,30,2,193.99,USD,Cash,02/07/2026
1314,1103,12,5,42.95,USD,Bank Transfer,19/07/2024
1315,4235,6,2,460.75,USD,Voucher,11/07/2025
1316,3944,6,3,173.68,USD,Voucher,11/02/2025
1317,2086,24,5,262.42,USD,Cash,27/12/2025
1318,1580,19,4,229.09,USD,Bank Transfer,17/02/2026
1319,3812,22,1,433.05,USD,Bank Transfer,12/05/2026
1320,2308,8,1,363.55,USD,Bank Transfer,24/08/2024
1321,1738,11,4,301.83,USD,Cash,11/06/2025
1322,2874,23,1,245.11,USD,Cash,08/04/2025
1323,3284,20,4,150.09,USD,Bank Transfer,04/05/2025
1324,2423,13,5,84.35,USD,Cash,03/02/2026
1325,1153,8,4,208.36,USD,Voucher,06/04/2025
1326,3713,26,3,96.41,USD,Bank Transfer,07/09/2025
1327,3642,27,1,219.53,USD,Voucher,25/01/2025
1328,2136,23,2,400.32,USD,Cash,10/02/2025
1329,4396,29,2,325.83,USD,Bank Transfer,23/05/2025
1330,3006,28,4,219.53,USD,Cash,21/09/2024
1331,981,17,2,267.08,USD,Cash,22/10/2025
1332,4743,27,5,175.98,USD,Mobile Money,21/05/2026
1333,1199,16,5,138.07,USD,Mobile Money,26/05/2025
1334,2359,8,5,141.8,USD,Bank Transfer,05/09/2024
1335,2920,24,5,374.34,USD,Voucher,12/08/2025
1336,3764,3,5,76.88,USD,Mobile Money,08/04/2026
1337,1112,13,5,226.8,USD,Mobile Money,02/09/2025
1338,1521,12,2,83.07,USD,Bank Transfer,22/02/2026
1339,2439,4,4,156.18,USD,Voucher,15/01/2025
1340,4339,1,3,292.33,USD,Mobile Money,28/09/2025
1341,3399,21,4,423.87,USD,Bank Transfer,12/12/2025
1342,1263,26,2,264.28,USD,Cash,28/09/2025
1343,3078,12,3,43.58,USD,Bank Transfer,20/09/2024
1344,2817,10,5,327.26,USD,Mobile Money,07/05/2025
1345,2558,4,5,455.54,USD,Voucher,02/02/2025
1346,614,20,5,221.04,USD,Voucher,17/08/2024
1347,2718,11,3,41.39,USD,Cash,20/02/2025
1348,841,22,3,390.63,USD,Mobile Money,30/09/2024
1349,699,12,2,497.66,USD,Mobile Money,19/07/2026
1350,3075,10,4,333.44,USD,Cash,18/09/2024
1351,3101,8,3,322.75,USD,Mobile Money,24/09/2025
1352,1926,5,3,324.55,USD,Mobile Money,29/07/2025
1353,3372,1,1,161.42,USD,Mobile Money,18/11/2024
1354,995,10,3,475.38,USD,Voucher,31/08/2025
1355,3876,1,2,104.28,USD,Cash,07/02/2026
1356,1641,2,1,246.58,USD,Voucher,09/02/2026
1357,105,17,4,286.5,USD,Mobile Money,28/03/2026
1358,4166,30,3,376.88,USD,Cash,12/07/2026
1359,4140,3,3,38.14,USD,Mobile Money,05/10/2024
1360,57,19,3,61.84,USD,Cash,02/05/2026
1361,3631,20,5,85.29,USD,Cash,29/10/2024
1362,1908,1,5,197.82,USD,Mobile Money,13/12/2025
1363,954,6,5,143.11,USD,Voucher,27/12/2024
1364,3804,23,4,216.61,USD,Cash,13/12/2025
1365,3649,1,4,141.86,USD,Voucher,16/09/2025
1366,4660,1,3,72.63,USD,Bank Transfer,21/01/2025
1367,3928,18,4,222.08,USD,Cash,06/08/2025
1368,3337,14,3,61.9,USD,Voucher,26/03/2025
1369,758,12,2,405.38,USD,Mobile Money,28/11/2025
1370,737,5,5,130.66,USD,Cash,20/06/2025
1371,3016,3,4,188.64,USD,Cash,17/07/2026
1372,2606,1,4,386.32,USD,Cash,09/08/2024
1373,766,9,5,265.72,USD,Bank Transfer,19/02/2025
1374,2593,4,1,292.96,USD,Bank Transfer,21/12/2025
1375,4267,25,5,331.18,USD,Mobile Money,13/07/2026
1376,992,22,2,357,USD,Mobile Money,30/08/2024
1377,2802,2,2,257.57,USD,Mobile Money,06/11/2024
1378,4366,27,1,411.48,USD,Mobile Money,02/07/2026
1379,4761,14,4,495.31,USD,Voucher,06/07/2026
1380,3313,3,5,137.89,USD,Bank Transfer,01/11/2024
1381,3570,13,4,228.51,USD,Mobile Money,14/12/2025
1382,4230,7,1,185,USD,Mobile Money,01/05/2025
1383,2427,27,1,408.29,USD,Mobile Money,04/07/2026
1384,3077,13,3,254.59,USD,Mobile Money,06/07/2026
1385,2515,10,4,208.48,USD,Voucher,15/09/2025
1386,4781,8,3,416.09,USD,Cash,05/11/2024
1387,2912,18,5,67.38,USD,Bank Transfer,12/08/2025
1388,871,27,1,400.08,USD,Bank Transfer,29/11/2025
1389,4843,16,3,52.29,USD,Cash,06/11/2024
1390,3671,22,3,274.21,USD,Voucher,01/01/2025
1391,3259,27,3,102.55,USD,Cash,14/05/2026
1392,4859,12,5,323.08,USD,Bank Transfer,10/12/2024
1393,4183,24,2,268.19,USD,Cash,12/09/2024
1394,4759,20,3,451.02,USD,Cash,01/12/2025
1395,4826,12,1,380.8,USD,Voucher,20/03/2026
1396,1728,24,2,216.52,USD,Cash,11/01/2025
1397,2778,11,3,385.75,USD,Voucher,16/10/2025
1398,1798,15,5,323.68,USD,Mobile Money,27/04/2025
1399,3386,30,5,94.62,USD,Voucher,28/05/2025
1400,394,30,2,189.65,USD,Mobile Money,10/09/2025
1401,3066,9,4,463.19,USD,Cash,24/09/2024
1402,3981,2,3,471.55,USD,Bank Transfer,21/08/2024
1403,4113,23,4,157.39,USD,Cash,12/05/2025
1404,1617,6,4,445.47,USD,Voucher,29/06/2026
1405,4719,20,2,175.68,USD,Voucher,16/03/2025
1406,1527,24,5,317.63,USD,Cash,11/08/2024
1407,4536,17,4,227.66,USD,Voucher,02/01/2025
1408,1855,6,3,361.6,USD,Voucher,16/10/2024
1409,4665,5,2,280.78,USD,Voucher,16/06/2026
1410,650,21,1,411.62,USD,Voucher,17/02/2026
1411,2068,12,5,424.88,USD,Cash,20/04/2026
1412,2893,15,3,223.66,USD,Cash,20/02/2026
1413,1673,6,4,314.85,USD,Mobile Money,27/11/2024
1414,1245,22,4,96.54,USD,Bank Transfer,30/06/2026
1415,450,27,5,56.02,USD,Bank Transfer,22/08/2024
1416,3560,14,5,156.74,USD,Bank Transfer,06/03/2025
1417,2,18,4,168.11,USD,Cash,11/01/2025
1418,1941,22,2,318.14,USD,Voucher,11/03/2025
1419,4995,8,3,423.41,USD,Mobile Money,21/12/2025
1420,4625,18,5,24.5,USD,Mobile Money,05/04/2025
1421,3245,4,5,237.35,USD,Bank Transfer,26/11/2024
1422,434,5,3,310.37,USD,Voucher,18/10/2025
1423,4418,20,1,112.51,USD,Voucher,24/07/2024
1424,4785,18,1,473.53,USD,Cash,30/07/2024
1425,4294,22,4,25.75,USD,Mobile Money,08/03/2025
1426,3879,27,1,110.8,USD,Mobile Money,04/11/2024
1427,2103,21,1,271.63,USD,Mobile Money,17/09/2024
1428,2580,9,2,401.67,USD,Mobile Money,01/10/2025
1429,3204,29,5,330.47,USD,Mobile Money,10/07/2025
1430,1299,22,4,450.7,USD,Mobile Money,14/03/2025
1431,1586,9,3,499.41,USD,Voucher,05/08/2024
1432,1715,26,3,458.58,USD,Cash,28/02/2026
1433,4901,9,5,246.93,USD,Mobile Money,05/02/2026
1434,4488,29,2,336.86,USD,Bank Transfer,16/09/2024
1435,966,26,4,115.16,USD,Bank Transfer,08/06/2026
1436,4645,27,3,278.86,USD,Bank Transfer,29/10/2025
1437,703,10,5,169.93,USD,Bank Transfer,04/12/2024
1438,220,12,5,419.11,USD,Voucher,23/04/2026
1439,1090,30,4,52.72,USD,Bank Transfer,15/11/2025
1440,4996,20,2,484.13,USD,Bank Transfer,06/10/2024
1441,2533,9,1,137.06,USD,Mobile Money,09/03/2025
1442,2782,13,4,369.39,USD,Mobile Money,28/03/2025
1443,868,21,2,337.41,USD,Bank Transfer,07/05/2026
1444,499,16,5,460.47,USD,Bank Transfer,21/02/2026
1445,1732,15,3,428.21,USD,Bank Transfer,18/08/2025
1446,2267,21,5,249.3,USD,Mobile Money,13/08/2024
1447,3286,20,1,225.88,USD,Voucher,29/05/2025
1448,4290,17,1,365.76,USD,Voucher,11/11/2025
1449,1515,26,4,280.96,USD,Cash,25/07/2024
1450,3694,28,4,482.64,USD,Voucher,13/09/2024
1451,1744,25,4,369.9,USD,Cash,27/12/2024
1452,510,9,3,120.95,USD,Voucher,16/07/2026
1453,3304,13,5,227.15,USD,Mobile Money,01/06/2025
1454,4875,22,4,256.58,USD,Bank Transfer,15/05/2025
1455,4573,20,3,465.77,USD,Cash,27/07/2025
1456,562,30,3,460.51,USD,Voucher,25/09/2025
1457,2885,21,5,321.77,USD,Mobile Money,14/09/2024
1458,4285,9,1,91.36,USD,Cash,07/12/2024
1459,4671,23,1,23.42,USD,Voucher,23/08/2025
1460,216,3,3,349.67,USD,Cash,05/05/2025
1461,863,9,4,213.52,USD,Cash,16/05/2026
1462,2536,20,1,412.34,USD,Bank Transfer,02/04/2026
1463,4084,11,5,372.53,USD,Mobile Money,25/03/2025
1464,2054,3,3,53.21,USD,Mobile Money,07/08/2025
1465,166,5,4,27.91,USD,Voucher,05/03/2025
1466,3613,19,2,431.11,USD,Bank Transfer,02/03/2025
1467,4209,10,4,407.81,USD,Cash,26/05/2025
1468,177,14,4,132.34,USD,Voucher,30/05/2025
1469,1754,16,5,178.02,USD,Voucher,05/12/2024
1470,1550,11,2,385.88,USD,Voucher,13/08/2024
1471,1824,21,5,197.06,USD,Mobile Money,25/01/2026
1472,4955,22,2,135.88,USD,Bank Transfer,20/08/2025
1473,1936,26,4,35.8,USD,Bank Transfer,13/07/2026
1474,3925,23,3,168.21,USD,Mobile Money,21/07/2024
1475,2615,11,2,314.57,USD,Bank Transfer,16/06/2025
1476,4839,14,2,45.97,USD,Mobile Money,19/10/2025
1477,1246,21,1,253.89,USD,Bank Transfer,27/04/2026
1478,3507,17,1,214.18,USD,Bank Transfer,23/05/2025
1479,2004,21,1,399.78,USD,Bank Transfer,08/04/2025
1480,2143,28,4,339.35,USD,Cash,24/06/2025
1481,1352,20,3,481.31,USD,Mobile Money,11/02/2025
1482,3131,25,1,36.18,USD,Voucher,02/12/2025
1483,4358,22,5,264.85,USD,Voucher,22/06/2026
1484,501,7,4,332.05,USD,Bank Transfer,05/06/2025
1485,3575,29,4,56.08,USD,Mobile Money,29/01/2025
1486,3637,6,5,337.75,USD,Mobile Money,11/12/2024
1487,2089,13,1,291.1,USD,Voucher,08/07/2026
1488,4615,19,5,96.34,USD,Mobile Money,07/11/2025
1489,4711,16,4,405.21,USD,Mobile Money,08/10/2025
1490,642,11,3,490.89,USD,Voucher,07/10/2024
1491,3731,25,5,228.96,USD,Mobile Money,12/01/2026
1492,3406,18,5,390.36,USD,Cash,16/12/2025
1493,892,19,4,339.95,USD,Mobile Money,08/01/2026
1494,3057,24,5,177.39,USD,Mobile Money,14/06/2026
1495,531,7,2,224,USD,Mobile Money,20/02/2026
1496,4637,26,1,136.23,USD,Voucher,21/06/2026
1497,3806,13,1,345.33,USD,Mobile Money,19/11/2025
1498,2155,22,3,433.55,USD,Mobile Money,22/08/2024
1499,3025,20,2,198.37,USD,Mobile Money,07/06/2026
1500,729,15,3,225.16,USD,Bank Transfer,11/09/2024
1501,4264,22,4,284.48,USD,Bank Transfer,25/09/2024
1502,3111,29,2,469.36,USD,Voucher,13/12/2024
1503,2732,17,4,151.76,USD,Mobile Money,13/11/2025
1504,1105,18,1,118.95,USD,Voucher,02/06/2025
1505,1865,17,1,349.76,USD,Cash,06/10/2025
1506,182,1,4,446.12,USD,Bank Transfer,02/02/2026
1507,219,15,2,260.47,USD,Voucher,09/02/2025
1508,4106,27,2,496.28,USD,Cash,27/03/2026
1509,3435,27,4,134.31,USD,Voucher,25/10/2025
1510,2318,7,5,34.95,USD,Mobile Money,11/02/2026
1511,4743,24,3,472.46,USD,Voucher,02/07/2025
1512,13,1,2,281.02,USD,Cash,27/10/2025
1513,1115,2,5,245.95,USD,Mobile Money,18/06/2025
1514,4671,14,3,460.7,USD,Mobile Money,11/06/2026
1515,458,2,5,392.99,USD,Mobile Money,06/10/2024
1516,1218,4,2,118.51,USD,Bank Transfer,14/03/2026
1517,1687,21,2,312.51,USD,Mobile Money,25/07/2025
1518,4182,23,2,379.24,USD,Cash,08/07/2026
1519,3042,14,5,343.01,USD,Voucher,21/08/2025
1520,3050,30,4,429.92,USD,Bank Transfer,11/09/2024
1521,2940,19,2,406.84,USD,Voucher,11/11/2024
1522,1831,20,2,114.35,USD,Mobile Money,18/01/2025
1523,3248,17,5,477.24,USD,Voucher,14/05/2026
1524,424,20,2,206.84,USD,Mobile Money,07/03/2026
1525,1834,7,3,104.09,USD,Bank Transfer,17/05/2025
1526,1307,3,2,99.01,USD,Bank Transfer,28/07/2025
1527,1689,1,1,425.79,USD,Bank Transfer,28/09/2024
1528,1991,20,4,315.3,USD,Bank Transfer,13/02/2025
1529,2005,22,5,323.54,USD,Voucher,17/07/2026
1530,4878,5,5,335.81,USD,Mobile Money,26/09/2024
1531,2404,19,2,324.68,USD,Mobile Money,09/07/2025
1532,4172,4,1,172.37,USD,Cash,07/11/2025
1533,610,14,1,270.8,USD,Voucher,30/06/2026
1534,2315,14,1,482.31,USD,Cash,25/07/2024
1535,1375,10,2,129.62,USD,Cash,30/07/2025
1536,3704,1,2,285.48,USD,Mobile Money,25/04/2026
1537,2950,2,4,58.2,USD,Cash,04/04/2026
1538,977,24,4,267.23,USD,Voucher,23/09/2024
1539,3386,25,2,440.4,USD,Cash,08/04/2025
1540,4745,24,4,79.48,USD,Cash,11/04/2025
1541,520,27,3,101.12,USD,Cash,15/08/2024
1542,1708,22,5,139.52,USD,Mobile Money,23/07/2024
1543,13,18,4,32.27,USD,Cash,04/04/2026
1544,1108,7,2,272.32,USD,Voucher,11/04/2025
1545,4884,27,2,444.95,USD,Cash,09/11/2024
1546,3484,1,5,350.84,USD,Bank Transfer,30/01/2026
1547,196,23,1,489.28,USD,Bank Transfer,09/06/2025
1548,4694,27,3,379.29,USD,Voucher,25/08/2024
1549,2196,19,3,467.4,USD,Voucher,27/12/2024
1550,1954,13,1,211.15,USD,Voucher,03/07/2026
1551,1697,8,3,469.83,USD,Mobile Money,04/08/2024
1552,642,2,3,379.3,USD,Voucher,04/09/2025
1553,4978,14,1,323.07,USD,Cash,31/01/2025
1554,929,27,4,37.87,USD,Bank Transfer,06/11/2025
1555,1875,17,1,316.53,USD,Mobile Money,08/10/2024
1556,1152,24,2,475.76,USD,Mobile Money,21/07/2025
1557,2424,17,4,269.86,USD,Mobile Money,18/07/2026
1558,894,13,1,56.64,USD,Voucher,20/10/2025
1559,4487,20,2,137.73,USD,Cash,30/05/2025
1560,1159,24,5,67.39,USD,Voucher,17/02/2026
1561,3869,28,1,467.55,USD,Voucher,10/11/2024
1562,3114,18,3,293.23,USD,Voucher,09/05/2025
1563,809,15,5,371.32,USD,Bank Transfer,02/01/2025
1564,1422,11,4,97.12,USD,Mobile Money,11/04/2025
1565,2049,28,5,439.37,USD,Bank Transfer,18/01/2025
1566,1314,30,5,96.71,USD,Bank Transfer,01/03/2025
1567,4759,11,2,341.74,USD,Voucher,02/05/2026
1568,3173,5,5,338.83,USD,Cash,31/05/2025
1569,4841,25,1,361.58,USD,Voucher,15/05/2025
1570,2449,7,3,353.87,USD,Bank Transfer,24/01/2025
1571,1330,14,2,59.73,USD,Mobile Money,22/07/2025
1572,1306,12,1,35.63,USD,Voucher,19/03/2025
1573,187,27,4,46.77,USD,Mobile Money,26/05/2025
1574,2312,20,3,61.49,USD,Voucher,31/08/2025
1575,706,3,4,392.46,USD,Voucher,12/08/2025
1576,2535,27,1,381.73,USD,Voucher,29/04/2025
1577,2311,1,1,165.36,USD,Voucher,04/08/2024
1578,1478,19,5,254.77,USD,Cash,19/11/2024
1579,692,19,4,479.08,USD,Bank Transfer,25/02/2026
1580,2355,30,2,329.42,USD,Voucher,08/12/2025
1581,396,4,5,331.68,USD,Voucher,02/09/2025
1582,4192,25,3,440.97,USD,Mobile Money,06/03/2025
1583,663,15,3,230.66,USD,Bank Transfer,04/03/2025
1584,2218,30,4,206.16,USD,Mobile Money,31/05/2026
1585,2766,3,2,167.48,USD,Bank Transfer,27/03/2025
1586,2313,9,1,91.22,USD,Bank Transfer,29/03/2025
1587,3102,1,1,100.35,USD,Cash,17/07/2025
1588,2525,30,2,162,USD,Mobile Money,20/04/2025
1589,1845,10,3,455.32,USD,Cash,09/05/2025
1590,3445,30,2,415.93,USD,Mobile Money,13/04/2025
1591,3475,27,3,101.99,USD,Bank Transfer,26/05/2025
1592,3650,29,2,184.68,USD,Voucher,11/03/2025
1593,621,28,1,107.58,USD,Bank Transfer,06/11/2025
1594,3713,21,2,434.19,USD,Bank Transfer,08/09/2024
1595,1180,1,2,47.92,USD,Mobile Money,31/01/2026
1596,1205,21,3,279.5,USD,Voucher,27/10/2025
1597,4717,18,2,448.85,USD,Cash,27/01/2025
1598,4272,27,2,492.55,USD,Bank Transfer,01/08/2024
1599,2085,29,4,330.59,USD,Bank Transfer,18/07/2026
1600,3799,26,1,136.34,USD,Cash,03/01/2025
1601,4850,25,4,79.77,USD,Mobile Money,09/01/2026
1602,3737,1,4,376.5,USD,Cash,01/08/2025
1603,413,29,5,231.43,USD,Bank Transfer,29/11/2025
1604,3094,18,4,432.5,USD,Bank Transfer,28/08/2025
1605,1188,26,3,435.02,USD,Voucher,05/01/2025
1606,2924,5,2,250.33,USD,Bank Transfer,12/03/2025
1607,1760,1,2,150.64,USD,Voucher,15/02/2026
1608,2160,24,4,197.36,USD,Cash,27/01/2025
1609,2566,23,3,398.68,USD,Cash,17/02/2025
1610,1512,4,1,226.18,USD,Cash,20/11/2025
1611,1059,6,1,413.15,USD,Cash,03/01/2026
1612,3419,11,4,268.21,USD,Cash,30/12/2025
1613,3091,27,4,369.86,USD,Cash,14/08/2025
1614,4810,20,1,295.9,USD,Voucher,10/02/2025
1615,2840,22,5,136.98,USD,Bank Transfer,14/06/2025
1616,3351,28,3,283.6,USD,Bank Transfer,11/01/2025
1617,3573,12,4,482.7,USD,Bank Transfer,28/04/2026
1618,4731,5,1,228.41,USD,Bank Transfer,15/12/2024
1619,1090,24,1,355.15,USD,Cash,23/09/2024
1620,4855,5,3,228.21,USD,Cash,21/11/2025
1621,1917,27,4,256.27,USD,Bank Transfer,22/07/2024
1622,962,16,4,403.6,USD,Mobile Money,04/06/2025
1623,3588,14,4,26.93,USD,Mobile Money,03/01/2025
1624,2883,18,1,419.52,USD,Voucher,15/06/2025
1625,4323,14,4,247.82,USD,Mobile Money,01/11/2024
1626,844,2,2,260.27,USD,Mobile Money,07/08/2025
1627,2369,25,4,489.96,USD,Cash,13/08/2024
1628,2397,10,2,88.12,USD,Voucher,23/08/2025
1629,2408,20,4,197.21,USD,Bank Transfer,19/07/2024
1630,1304,29,3,425.28,USD,Voucher,14/04/2025
1631,3831,14,2,194.7,USD,Voucher,08/06/2026
1632,487,3,4,56.48,USD,Cash,11/02/2026
1633,4871,5,5,217.78,USD,Cash,01/01/2026
1634,1308,26,4,449.19,USD,Bank Transfer,31/12/2024
1635,700,14,5,224.88,USD,Voucher,31/12/2024
1636,2166,24,1,165.77,USD,Mobile Money,22/12/2024
1637,2025,20,2,384.45,USD,Voucher,27/05/2025
1638,1061,26,5,297.27,USD,Mobile Money,03/11/2024
1639,4498,22,1,322.43,USD,Cash,12/07/2025
1640,766,11,2,183.15,USD,Bank Transfer,19/05/2026
1641,2625,16,3,449.96,USD,Voucher,30/12/2025
1642,4868,6,5,300.73,USD,Cash,15/02/2025
1643,2574,29,3,448.16,USD,Cash,12/05/2025
1644,888,7,1,392.21,USD,Cash,11/03/2025
1645,4125,2,2,356.43,USD,Cash,28/01/2025
1646,4773,11,1,110.5,USD,Mobile Money,12/04/2026
1647,137,9,3,256.43,USD,Bank Transfer,09/11/2024
1648,3412,5,1,141.1,USD,Bank Transfer,18/07/2026
1649,57,14,3,332.47,USD,Cash,02/02/2025
1650,797,9,5,320.35,USD,Voucher,26/07/2025
1651,288,3,1,53.21,USD,Voucher,25/10/2025
1652,3948,17,4,377.38,USD,Cash,15/12/2024
1653,131,22,2,92.28,USD,Cash,05/05/2025
1654,3909,23,5,237.59,USD,Mobile Money,13/07/2025
1655,3482,6,3,110.82,USD,Mobile Money,28/12/2025
1656,1154,2,2,52.42,USD,Bank Transfer,18/03/2025
1657,1732,7,5,247.59,USD,Voucher,14/05/2026
1658,1665,5,4,132.92,USD,Voucher,23/06/2026
1659,1863,3,4,162.48,USD,Cash,26/06/2026
1660,166,27,2,443.81,USD,Voucher,22/11/2025
1661,413,9,3,332.78,USD,Voucher,02/12/2025
1662,794,26,1,125.64,USD,Cash,21/10/2024
1663,3805,2,5,235.17,USD,Cash,16/05/2025
1664,3255,30,3,155.95,USD,Cash,11/11/2024
1665,4779,2,3,329.96,USD,Voucher,12/02/2026
1666,4451,25,1,193.42,USD,Voucher,01/08/2024
1667,674,10,5,215.07,USD,Cash,20/10/2025
1668,1422,23,2,255.21,USD,Mobile Money,28/12/2024
1669,879,30,4,418.79,USD,Voucher,02/06/2026
1670,114,4,1,484.05,USD,Cash,31/07/2025
1671,3563,9,5,114.42,USD,Cash,31/01/2025
1672,4037,11,4,23.72,USD,Cash,14/05/2025
1673,4679,11,2,320.13,USD,Cash,19/01/2026
1674,1879,1,3,333.74,USD,Bank Transfer,27/10/2025
1675,1389,14,1,92.94,USD,Cash,23/07/2025
1676,3739,9,2,159.57,USD,Mobile Money,18/07/2025
1677,1773,2,3,144.77,USD,Bank Transfer,20/02/2025
1678,4008,13,5,85.78,USD,Cash,23/03/2025
1679,3002,15,3,484.85,USD,Mobile Money,23/12/2025
1680,759,29,2,139.08,USD,Bank Transfer,07/02/2025
1681,773,25,2,292.07,USD,Cash,16/12/2025
1682,1245,11,3,202.78,USD,Voucher,08/01/2026
1683,823,18,1,184.11,USD,Bank Transfer,19/08/2025
1684,1606,3,4,407.39,USD,Cash,31/05/2026
1685,677,6,3,103.16,USD,Bank Transfer,05/11/2024
1686,4543,28,3,187.8,USD,Bank Transfer,02/12/2025
1687,364,22,4,476.88,USD,Voucher,21/12/2025
1688,6,24,3,257.7,USD,Cash,31/07/2024
1689,2728,23,5,294.49,USD,Cash,04/07/2026
1690,473,26,3,364.39,USD,Bank Transfer,11/11/2024
1691,881,9,4,283.84,USD,Bank Transfer,24/12/2025
1692,80,6,5,300.34,USD,Mobile Money,10/01/2025
1693,1770,29,5,217.67,USD,Voucher,19/06/2025
1694,2024,7,4,134.08,USD,Cash,22/05/2025
1695,4976,18,2,470.79,USD,Mobile Money,28/11/2025
1696,4557,20,1,107.86,USD,Cash,13/09/2025
1697,2733,13,2,46.73,USD,Cash,10/10/2025
1698,2340,24,1,261.25,USD,Mobile Money,09/04/2026
1699,2203,22,1,286.67,USD,Mobile Money,19/05/2026
1700,2173,22,2,300.14,USD,Voucher,21/08/2024
1701,4258,10,3,303.13,USD,Voucher,31/12/2025
1702,4541,5,1,420.83,USD,Mobile Money,12/11/2024
1703,3951,22,1,421.83,USD,Cash,19/01/2026
1704,3868,25,1,52.69,USD,Bank Transfer,12/10/2025
1705,2445,5,5,467.34,USD,Cash,09/02/2026
1706,1361,27,4,77.84,USD,Mobile Money,28/05/2026
1707,1296,2,5,496.09,USD,Voucher,16/01/2025
1708,2384,23,5,391.6,USD,Mobile Money,27/12/2025
1709,116,2,2,464.74,USD,Mobile Money,24/05/2025
1710,2182,20,3,305.51,USD,Bank Transfer,09/12/2025
1711,3538,17,4,79.06,USD,Mobile Money,17/10/2025
1712,630,18,4,403.72,USD,Voucher,01/11/2025
1713,2543,7,2,483.44,USD,Mobile Money,01/05/2026
1714,4192,3,5,188.81,USD,Voucher,19/12/2024
1715,4724,12,4,292.13,USD,Bank Transfer,12/05/2025
1716,2210,3,5,201.45,USD,Cash,26/01/2026
1717,4052,11,4,349,USD,Bank Transfer,22/12/2025
1718,1955,27,5,368.64,USD,Bank Transfer,04/02/2025
1719,4394,21,1,129.64,USD,Cash,05/12/2025
1720,492,13,4,295.6,USD,Cash,20/05/2026
1721,2679,11,3,97.09,USD,Voucher,13/01/2026
1722,4376,23,3,463.42,USD,Cash,16/07/2025
1723,2120,22,2,381.01,USD,Voucher,19/12/2024
1724,619,8,2,473.52,USD,Voucher,14/10/2025
1725,2162,11,2,483.39,USD,Mobile Money,21/03/2025
1726,2845,12,2,348.23,USD,Bank Transfer,01/10/2024
1727,3814,12,2,293.07,USD,Bank Transfer,01/04/2025
1728,2380,7,4,191.81,USD,Cash,07/06/2025
1729,153,6,5,373.92,USD,Mobile Money,22/04/2026
1730,2346,30,2,386.9,USD,Mobile Money,11/08/2024
1731,4838,13,4,373.45,USD,Mobile Money,04/12/2025
1732,3736,4,3,347.19,USD,Mobile Money,13/11/2024
1733,2082,11,5,390.52,USD,Mobile Money,12/12/2024
1734,4133,26,2,239.69,USD,Voucher,23/07/2024
1735,3038,1,2,446.26,USD,Bank Transfer,28/11/2024
1736,2751,7,2,369.25,USD,Mobile Money,08/12/2024
1737,1013,8,1,206.4,USD,Voucher,31/10/2024
1738,1132,22,5,153.76,USD,Mobile Money,31/10/2024
1739,113,4,3,341.4,USD,Cash,19/11/2024
1740,3753,9,5,492.56,USD,Cash,02/08/2025
1741,2211,19,4,46.95,USD,Bank Transfer,31/05/2025
1742,4556,1,3,283.93,USD,Voucher,20/11/2024
1743,672,5,5,433.21,USD,Cash,26/04/2026
1744,1655,21,2,292.04,USD,Bank Transfer,07/06/2025
1745,3329,28,1,451.53,USD,Mobile Money,19/05/2026
1746,3374,22,1,258.48,USD,Voucher,06/08/2025
1747,1096,8,3,74.08,USD,Bank Transfer,10/01/2026
1748,813,2,2,319.67,USD,Cash,14/05/2025
1749,4603,22,5,454.26,USD,Bank Transfer,20/06/2025
1750,2097,2,4,461.4,USD,Cash,30/07/2024
1751,2997,30,2,409.75,USD,Voucher,04/02/2025
1752,1280,13,1,207.64,USD,Cash,16/04/2026
1753,1815,18,5,277.91,USD,Cash,03/01/2026
1754,4802,26,2,181.8,USD,Cash,26/06/2025
1755,169,3,2,486.28,USD,Bank Transfer,26/05/2026
1756,347,28,2,151.72,USD,Cash,01/09/2025
1757,1281,11,5,369.44,USD,Cash,23/12/2025
1758,1199,13,5,288.6,USD,Voucher,16/07/2025
1759,4976,15,3,75.82,USD,Bank Transfer,22/02/2025
1760,4046,22,2,291.08,USD,Cash,30/10/2025
1761,701,12,1,229.51,USD,Voucher,25/12/2025
1762,2233,24,5,403.38,USD,Bank Transfer,14/03/2025
1763,2540,17,4,350.11,USD,Cash,03/04/2026
1764,4414,19,2,346.54,USD,Mobile Money,23/09/2025
1765,1583,23,3,259.24,USD,Cash,13/12/2025
1766,2088,16,1,167.56,USD,Voucher,03/11/2025
1767,727,9,1,385.76,USD,Voucher,13/09/2025
1768,3138,23,1,396.29,USD,Bank Transfer,30/10/2025
1769,3273,26,3,308.02,USD,Mobile Money,15/10/2025
1770,2181,20,5,231.14,USD,Bank Transfer,28/02/2026
1771,2849,8,4,416.49,USD,Cash,18/02/2026
1772,4318,19,5,331.8,USD,Voucher,14/04/2026
1773,2322,17,3,398.47,USD,Mobile Money,29/11/2025
1774,3561,29,4,349.67,USD,Bank Transfer,27/07/2024
1775,4026,15,2,244.02,USD,Mobile Money,20/03/2026
1776,2527,7,4,263.92,USD,Mobile Money,22/12/2025
1777,4079,19,1,280.26,USD,Voucher,21/01/2026
1778,4703,26,2,177.63,USD,Bank Transfer,16/11/2024
1779,273,5,3,292.39,USD,Bank Transfer,25/11/2025
1780,3957,16,1,303.87,USD,Voucher,07/04/2025
1781,4691,24,3,455.9,USD,Mobile Money,10/10/2025
1782,2283,29,1,432.34,USD,Voucher,19/02/2025
1783,593,14,2,248.93,USD,Cash,22/09/2024
1784,1442,29,4,443.33,USD,Bank Transfer,01/04/2025
1785,2957,25,4,69.4,USD,Voucher,02/02/2025
1786,1744,6,4,362.99,USD,Mobile Money,11/11/2025
1787,2727,22,5,475.23,USD,Cash,21/05/2026
1788,1326,12,1,461.44,USD,Bank Transfer,19/05/2025
1789,1486,13,4,195.08,USD,Cash,05/08/2025
1790,182,17,3,344.98,USD,Voucher,27/02/2025
1791,3105,14,2,119.72,USD,Cash,31/12/2024
1792,2555,8,3,498.24,USD,Bank Transfer,08/05/2026
1793,2674,11,3,21.37,USD,Bank Transfer,20/04/2025
1794,2943,10,5,38.08,USD,Voucher,31/12/2024
1795,4442,12,4,332.1,USD,Mobile Money,16/11/2024
1796,3924,27,1,453.02,USD,Cash,03/01/2026
1797,2587,8,3,381.25,USD,Bank Transfer,15/03/2026
1798,2497,7,4,142.74,USD,Bank Transfer,22/07/2025
1799,2910,11,5,441.94,USD,Mobile Money,19/02/2026
1800,3305,4,4,34.84,USD,Cash,07/01/2025
1801,3456,6,2,103.05,USD,Voucher,28/04/2025
1802,2100,26,2,123.17,USD,Cash,25/09/2024
1803,1069,7,1,204.06,USD,Cash,27/06/2025
1804,3638,19,2,75.94,USD,Mobile Money,06/10/2024
1805,2125,14,2,193.16,USD,Cash,02/12/2025
1806,3273,10,2,495.6,USD,Mobile Money,16/05/2026
1807,900,3,4,461.43,USD,Voucher,02/09/2024
1808,2903,21,3,247.53,USD,Bank Transfer,25/03/2025
1809,2091,28,1,270.62,USD,Voucher,17/03/2026
1810,250,14,4,277.55,USD,Cash,07/09/2025
1811,4231,3,1,74.52,USD,Voucher,12/01/2026
1812,1348,17,3,266.53,USD,Voucher,11/11/2025
1813,2732,14,5,102.85,USD,Mobile Money,02/04/2026
1814,4508,13,1,60.57,USD,Voucher,09/05/2025
1815,3971,20,3,164.59,USD,Cash,26/11/2025
1816,1659,3,2,418.01,USD,Cash,07/01/2026
1817,2070,1,2,143.38,USD,Mobile Money,27/03/2026
1818,134,11,1,414.7,USD,Cash,26/08/2025
1819,1720,13,4,49.27,USD,Cash,08/12/2025
1820,2207,29,3,400.07,USD,Cash,15/02/2025
1821,484,14,2,228.29,USD,Bank Transfer,12/02/2025
1822,2704,13,3,351.49,USD,Cash,10/01/2025
1823,3331,10,4,178.84,USD,Mobile Money,04/09/2025
1824,1120,2,3,457.83,USD,Voucher,15/12/2025
1825,4991,26,5,254.08,USD,Mobile Money,21/01/2026
1826,4302,21,2,256.51,USD,Cash,13/04/2026
1827,2479,8,2,229.15,USD,Voucher,28/08/2024
1828,2595,16,3,241.85,USD,Voucher,27/02/2025
1829,4057,25,2,48.46,USD,Voucher,30/07/2025
1830,686,6,4,100.14,USD,Cash,29/05/2025
1831,2334,28,1,452.69,USD,Mobile Money,19/07/2024
1832,4426,16,5,167.92,USD,Voucher,01/12/2025
1833,153,10,3,335.84,USD,Bank Transfer,22/09/2025
1834,4570,28,2,162.79,USD,Voucher,27/12/2025
1835,4013,5,4,187.56,USD,Bank Transfer,22/06/2025
1836,2270,8,5,189.21,USD,Cash,12/02/2025
1837,1341,15,1,133.37,USD,Cash,17/01/2026
1838,4761,30,4,353.32,USD,Voucher,20/12/2025
1839,23,1,3,294.31,USD,Mobile Money,22/01/2026
1840,3950,5,2,414.09,USD,Bank Transfer,26/03/2026
1841,1480,27,3,353.54,USD,Cash,31/05/2026
1842,1207,12,3,425.77,USD,Cash,05/08/2025
1843,2931,5,4,215.59,USD,Voucher,01/04/2025
1844,480,11,3,39.54,USD,Voucher,22/09/2025
1845,1884,22,1,216.61,USD,Mobile Money,16/06/2025
1846,4595,18,5,249.97,USD,Mobile Money,05/05/2026
1847,845,17,4,404.22,USD,Bank Transfer,12/11/2025
1848,1069,7,4,265.35,USD,Voucher,17/12/2025
1849,362,27,4,346.58,USD,Mobile Money,17/11/2025
1850,104,11,2,237.9,USD,Voucher,15/06/2025
1851,3032,14,1,141.48,USD,Cash,06/05/2025
1852,1068,5,5,172.3,USD,Bank Transfer,04/02/2026
1853,1669,13,4,373.89,USD,Voucher,19/06/2026
1854,4491,11,2,428.51,USD,Mobile Money,16/09/2024
1855,1262,10,4,355.89,USD,Voucher,22/06/2025
1856,1287,11,4,166,USD,Cash,22/07/2025
1857,3115,27,3,22.03,USD,Bank Transfer,04/04/2025
1858,1380,20,3,75.86,USD,Mobile Money,20/06/2026
1859,3546,10,3,451.92,USD,Voucher,28/03/2025
1860,1089,26,1,172.48,USD,Bank Transfer,04/11/2025
1861,2529,18,2,467.15,USD,Voucher,15/06/2026
1862,4913,8,1,155.95,USD,Voucher,04/09/2024
1863,2214,20,1,314.58,USD,Mobile Money,29/10/2025
1864,561,20,4,122.42,USD,Cash,11/07/2025
1865,1639,24,4,487.06,USD,Bank Transfer,11/06/2025
1866,4374,15,4,117.24,USD,Voucher,20/08/2025
1867,3340,6,1,147.45,USD,Mobile Money,28/01/2026
1868,251,16,4,215.22,USD,Voucher,24/10/2025
1869,1906,25,1,234.56,USD,Mobile Money,18/06/2025
1870,1651,2,2,470.77,USD,Mobile Money,23/07/2025
1871,2276,26,4,85.49,USD,Voucher,26/11/2025
1872,3217,22,3,387.57,USD,Voucher,14/04/2025
1873,3244,3,3,455.02,USD,Voucher,31/03/2025
1874,4469,9,1,416.76,USD,Cash,02/02/2025
1875,1080,26,2,201.67,USD,Cash,12/12/2024
1876,1463,4,4,383.04,USD,Mobile Money,30/07/2024
1877,2169,1,3,389.4,USD,Bank Transfer,06/12/2024
1878,3884,27,4,291.84,USD,Voucher,30/05/2026
1879,546,27,2,151.28,USD,Voucher,12/07/2026
1880,4709,13,2,66.61,USD,Cash,03/12/2025
1881,4582,3,2,71.38,USD,Cash,04/10/2024
1882,1838,3,4,246.81,USD,Voucher,18/07/2025
1883,3877,21,4,489.76,USD,Bank Transfer,26/05/2026
1884,253,10,1,171.34,USD,Cash,07/10/2024
1885,135,3,5,444.45,USD,Mobile Money,24/01/2026
1886,4321,19,2,409.3,USD,Voucher,17/01/2026
1887,905,23,5,488.75,USD,Cash,05/03/2025
1888,95,3,3,49.51,USD,Cash,01/05/2025
1889,267,28,2,421.57,USD,Mobile Money,26/01/2026
1890,2015,1,2,324.47,USD,Mobile Money,05/03/2026
1891,492,27,5,164.85,USD,Voucher,16/04/2026
1892,2388,18,1,406.95,USD,Cash,07/02/2026
1893,3902,28,4,469.47,USD,Cash,22/02/2026
1894,4,18,5,304.88,USD,Cash,24/05/2026
1895,4345,8,3,352.15,USD,Voucher,01/07/2025
1896,992,27,4,484.46,USD,Mobile Money,08/08/2024
1897,1396,12,3,400.99,USD,Bank Transfer,19/10/2024
1898,953,20,5,282.42,USD,Bank Transfer,05/05/2025
1899,4797,7,3,199.39,USD,Voucher,10/04/2025
1900,4719,11,1,74.32,USD,Bank Transfer,10/09/2024
1901,4829,18,2,374.72,USD,Cash,23/06/2025
1902,1552,4,1,328.32,USD,Cash,03/07/2025
1903,135,20,5,350.29,USD,Voucher,20/05/2025
1904,434,6,5,459.2,USD,Cash,29/12/2025
1905,3879,22,1,48.89,USD,Bank Transfer,22/01/2026
1906,1825,7,4,61.28,USD,Mobile Money,26/06/2026
1907,2782,22,1,428.52,USD,Mobile Money,18/09/2025
1908,4669,25,5,200.21,USD,Voucher,22/03/2025
1909,921,2,4,144.39,USD,Mobile Money,02/04/2026
1910,1937,26,2,475.02,USD,Voucher,24/09/2024
1911,1565,14,1,429.63,USD,Bank Transfer,31/07/2025
1912,209,25,5,315.74,USD,Cash,10/08/2024
1913,4393,5,1,31.33,USD,Bank Transfer,21/12/2024
1914,125,21,2,479.19,USD,Cash,25/01/2025
1915,169,28,5,269.55,USD,Bank Transfer,13/10/2024
1916,2794,30,5,42.97,USD,Voucher,07/05/2025
1917,198,29,2,257.39,USD,Mobile Money,06/10/2025
1918,1329,18,5,425.66,USD,Mobile Money,04/10/2025
1919,3551,19,1,304.15,USD,Cash,14/09/2025
1920,1385,18,1,215.36,USD,Cash,15/08/2025
1921,3796,25,5,305.84,USD,Cash,24/11/2024
1922,442,5,3,298.75,USD,Mobile Money,02/03/2026
1923,3796,2,1,414.32,USD,Mobile Money,07/12/2024
1924,1963,23,3,431.11,USD,Voucher,22/09/2024
1925,2527,5,5,448.38,USD,Bank Transfer,06/06/2025
1926,3104,4,5,340.39,USD,Cash,07/07/2026
1927,252,9,1,415.38,USD,Mobile Money,22/05/2026
1928,1462,22,5,62.12,USD,Bank Transfer,07/12/2025
1929,2816,25,5,463.03,USD,Cash,14/10/2024
1930,4531,12,3,244.52,USD,Cash,26/09/2025
1931,4311,28,3,349.11,USD,Mobile Money,17/02/2025
1932,4828,14,3,287.35,USD,Voucher,01/07/2025
1933,4453,10,2,425.13,USD,Cash,15/04/2026
1934,1168,10,5,344.99,USD,Voucher,18/07/2026
1935,3190,20,3,150.36,USD,Mobile Money,19/05/2025
1936,1329,19,5,437.45,USD,Bank Transfer,25/08/2024
1937,1235,17,2,112.57,USD,Bank Transfer,09/11/2024
1938,2637,25,2,245.58,USD,Mobile Money,22/08/2024
1939,2533,18,5,60.42,USD,Cash,24/11/2025
1940,2323,22,1,326.59,USD,Bank Transfer,19/07/2026
1941,1499,27,2,133.52,USD,Cash,28/09/2025
1942,1498,21,3,303.97,USD,Cash,15/07/2025
1943,3942,27,3,115.65,USD,Bank Transfer,28/01/2025
1944,2456,19,1,336.2,USD,Cash,17/05/2026
1945,3450,12,3,386.52,USD,Voucher,28/11/2025
1946,3894,2,1,244.12,USD,Cash,31/08/2024
1947,2372,3,4,83.87,USD,Bank Transfer,30/06/2026
1948,2351,19,4,455.88,USD,Bank Transfer,28/12/2024
1949,4069,28,2,315.32,USD,Mobile Money,22/04/2025
1950,4008,20,4,384.54,USD,Bank Transfer,04/01/2025
1951,3095,21,3,153.08,USD,Cash,19/10/2024
1952,3673,27,3,154.18,USD,Bank Transfer,16/11/2024
1953,2184,24,3,397.26,USD,Mobile Money,20/10/2024
1954,1969,28,4,381.84,USD,Mobile Money,14/05/2026
1955,1531,25,3,83.89,USD,Mobile Money,26/04/2026
1956,4000,29,1,289.62,USD,Cash,22/07/2025
1957,2016,28,2,494.92,USD,Mobile Money,16/04/2025
1958,3212,14,5,387.17,USD,Cash,07/01/2025
1959,481,20,5,216.77,USD,Voucher,02/06/2025
1960,2277,24,2,486.16,USD,Voucher,08/11/2024
1961,1530,28,2,179.96,USD,Cash,30/06/2025
1962,4007,29,3,408.15,USD,Voucher,19/09/2024
1963,2983,6,4,413.12,USD,Cash,10/08/2024
1964,1978,25,4,129.39,USD,Bank Transfer,14/09/2025
1965,2780,1,5,283.42,USD,Cash,18/06/2026
1966,1693,22,2,257.27,USD,Bank Transfer,27/11/2024
1967,3063,10,5,25.22,USD,Voucher,07/01/2025
1968,3203,29,3,43.31,USD,Cash,10/07/2025
1969,1267,8,3,295.48,USD,Voucher,09/05/2025
1970,1479,4,3,236.42,USD,Bank Transfer,26/11/2024
1971,4406,6,3,209.98,USD,Bank Transfer,25/09/2024
1972,1098,27,4,254.73,USD,Voucher,04/03/2025
1973,3675,24,5,376.64,USD,Bank Transfer,28/10/2024
1974,4773,3,5,138.67,USD,Cash,04/06/2026
1975,3162,13,5,478.36,USD,Voucher,03/06/2026
1976,3341,2,5,364.14,USD,Mobile Money,14/08/2025
1977,1719,2,4,381.87,USD,Cash,17/06/2026
1978,2119,22,1,440.29,USD,Cash,21/05/2025
1979,887,11,2,458.77,USD,Voucher,26/06/2026
1980,3129,9,3,475.56,USD,Cash,06/03/2026
1981,2337,10,2,413.61,USD,Voucher,19/03/2025
1982,1520,27,1,190.39,USD,Mobile Money,18/06/2025
1983,4356,3,1,87.38,USD,Bank Transfer,01/04/2026
1984,66,22,1,96.27,USD,Voucher,15/08/2024
1985,2445,24,3,146.25,USD,Bank Transfer,05/07/2025
1986,3529,3,4,258.35,USD,Mobile Money,05/01/2025
1987,3181,23,5,440.03,USD,Mobile Money,03/04/2025
1988,2182,7,1,117.82,USD,Cash,07/02/2025
1989,4291,19,2,165.16,USD,Mobile Money,09/08/2024
1990,4648,18,1,205.63,USD,Cash,13/08/2025
1991,72,14,4,156.11,USD,Cash,13/05/2025
1992,2766,17,4,40.65,USD,Voucher,06/08/2024
1993,225,11,2,197.44,USD,Bank Transfer,30/01/2026
1994,3886,27,4,26.94,USD,Voucher,29/07/2025
1995,657,19,5,444.1,USD,Voucher,01/07/2025
1996,63,6,3,216.43,USD,Voucher,01/04/2026
1997,1943,26,3,420.88,USD,Cash,19/08/2024
1998,4398,19,1,314.82,USD,Mobile Money,14/09/2024
1999,2541,19,2,126.63,USD,Cash,29/12/2025
2000,4276,30,4,415.82,USD,Bank Transfer,12/06/2025
2001,2828,27,5,22.67,USD,Cash,25/07/2025
2002,4205,25,2,433.18,USD,Bank Transfer,24/10/2024
2003,685,27,5,44.09,USD,Cash,19/07/2026
2004,411,13,4,27.98,USD,Mobile Money,14/05/2025
2005,2498,19,2,444.82,USD,Mobile Money,26/08/2024
2006,2963,9,2,437.96,USD,Cash,16/04/2025
2007,3301,6,1,270.56,USD,Mobile Money,25/04/2026
2008,2539,6,5,423.18,USD,Bank Transfer,10/02/2026
2009,19,24,3,193.18,USD,Cash,14/04/2025
2010,1733,15,1,125.11,USD,Bank Transfer,01/09/2025
2011,2508,5,4,156.81,USD,Mobile Money,19/08/2025
2012,4501,13,2,240.02,USD,Bank Transfer,11/04/2026
2013,1407,22,3,405.02,USD,Bank Transfer,07/05/2025
2014,1118,20,5,399.24,USD,Voucher,06/06/2026
2015,3953,28,5,411.5,USD,Bank Transfer,29/08/2024
2016,2867,25,1,66.1,USD,Bank Transfer,15/09/2024
2017,590,23,5,331.46,USD,Voucher,09/07/2025
2018,267,28,1,193.76,USD,Bank Transfer,02/03/2026
2019,4458,16,5,182.22,USD,Bank Transfer,25/06/2025
2020,2181,14,1,56.89,USD,Cash,10/01/2025
2021,2,2,4,442.62,USD,Bank Transfer,13/09/2025
2022,1652,17,4,413.39,USD,Bank Transfer,20/07/2024
2023,2056,13,3,163.81,USD,Mobile Money,07/07/2026
2024,2595,12,3,450.1,USD,Bank Transfer,25/02/2025
2025,2678,25,3,91.71,USD,Mobile Money,11/06/2026
2026,1477,4,4,451.32,USD,Voucher,15/10/2024
2027,3296,23,3,31.17,USD,Bank Transfer,23/04/2025
2028,2633,17,4,94.88,USD,Voucher,21/10/2024
2029,966,3,4,159.71,USD,Voucher,24/06/2026
2030,1897,7,1,310.33,USD,Voucher,08/06/2026
2031,2776,19,5,487.3,USD,Bank Transfer,02/11/2024
2032,2679,25,5,459.87,USD,Mobile Money,18/04/2025
2033,3524,28,1,251.21,USD,Cash,01/08/2024
2034,2782,28,2,320.34,USD,Cash,25/06/2026
2035,3215,21,1,302.85,USD,Bank Transfer,06/08/2025
2036,2544,20,4,301.73,USD,Voucher,03/03/2026
2037,1329,12,2,430.92,USD,Mobile Money,21/08/2024
2038,458,2,5,321.86,USD,Mobile Money,21/10/2024
2039,3262,1,1,398.04,USD,Cash,05/03/2025
2040,2277,13,5,229.26,USD,Cash,15/10/2025
2041,4752,3,5,405.9,USD,Mobile Money,06/01/2025
2042,941,3,5,297.67,USD,Bank Transfer,27/09/2025
2043,2837,5,3,270.34,USD,Bank Transfer,18/11/2025
2044,1613,16,3,114.05,USD,Bank Transfer,28/10/2024
2045,4428,14,1,118.59,USD,Voucher,30/01/2025
2046,4192,27,1,436.38,USD,Voucher,15/11/2024
2047,2825,28,5,117.37,USD,Bank Transfer,16/04/2026
2048,3064,24,3,393.41,USD,Mobile Money,09/08/2025
2049,2553,4,1,250.77,USD,Bank Transfer,23/09/2024
2050,3188,8,5,352.96,USD,Voucher,21/02/2026
2051,2117,13,4,76.11,USD,Voucher,17/02/2026
2052,125,16,1,291.46,USD,Mobile Money,23/07/2025
2053,548,8,2,93.06,USD,Cash,31/12/2025
2054,4633,7,2,162.34,USD,Voucher,19/07/2024
2055,211,8,4,388.07,USD,Bank Transfer,24/05/2025
2056,2987,20,3,291.11,USD,Voucher,08/12/2025
2057,3028,20,3,177.86,USD,Mobile Money,03/06/2026
2058,3933,23,2,322.8,USD,Cash,03/09/2025
2059,1866,4,4,442.05,USD,Voucher,04/03/2026
2060,4330,15,4,487.57,USD,Mobile Money,24/05/2026
2061,2033,30,2,73.06,USD,Bank Transfer,17/04/2025
2062,3782,19,4,471.74,USD,Bank Transfer,21/05/2025
2063,324,27,5,372.67,USD,Cash,30/05/2025
2064,1945,19,4,411.38,USD,Mobile Money,29/05/2025
2065,1391,26,1,282.99,USD,Bank Transfer,06/01/2026
2066,1710,24,1,282.28,USD,Bank Transfer,27/06/2026
2067,4345,12,3,327.19,USD,Voucher,25/05/2025
2068,3613,6,2,240.39,USD,Voucher,14/01/2025
2069,5000,11,3,247.94,USD,Bank Transfer,29/12/2024
2070,3925,28,3,405.49,USD,Bank Transfer,15/10/2025
2071,1428,20,4,121.36,USD,Cash,12/05/2026
2072,1977,13,4,438.8,USD,Mobile Money,08/01/2025
2073,3648,27,1,129.58,USD,Voucher,19/08/2025
2074,4400,11,5,206.59,USD,Voucher,30/11/2025
2075,4444,5,5,33.59,USD,Cash,25/10/2025
2076,4132,12,3,323.85,USD,Voucher,11/03/2025
2077,3161,2,2,157.33,USD,Voucher,18/01/2026
2078,2239,23,5,264.59,USD,Voucher,15/07/2025
2079,1765,16,1,61.9,USD,Voucher,08/07/2025
2080,4067,2,5,393.48,USD,Bank Transfer,19/12/2024
2081,2597,22,3,176.38,USD,Bank Transfer,13/11/2024
2082,2949,23,5,328.3,USD,Cash,24/06/2026
2083,2549,22,2,351.55,USD,Cash,21/05/2025
2084,3022,26,3,483.76,USD,Voucher,20/01/2025
2085,4629,19,2,158.32,USD,Bank Transfer,26/07/2024
2086,304,24,2,322.77,USD,Bank Transfer,25/09/2024
2087,4248,2,3,31.11,USD,Cash,13/02/2025
2088,393,9,5,27.84,USD,Mobile Money,31/01/2025
2089,3416,2,3,139.13,USD,Bank Transfer,01/05/2025
2090,3079,8,5,186.4,USD,Cash,13/09/2024
2091,2746,4,1,231.52,USD,Bank Transfer,09/11/2025
2092,1542,19,5,99.75,USD,Cash,24/09/2025
2093,4824,15,2,398.98,USD,Bank Transfer,19/10/2024
2094,2288,10,3,462.21,USD,Voucher,09/11/2024
2095,2214,19,5,319.17,USD,Bank Transfer,18/06/2026
2096,899,14,4,141.07,USD,Bank Transfer,07/09/2024
2097,1472,25,1,324.88,USD,Bank Transfer,02/07/2025
2098,1403,6,1,458.26,USD,Cash,29/03/2026
2099,4651,20,1,456.8,USD,Bank Transfer,14/03/2026
2100,1034,22,2,419.05,USD,Bank Transfer,01/06/2025
2101,3945,5,3,155.34,USD,Mobile Money,25/04/2026
2102,3793,15,4,452.33,USD,Voucher,20/03/2026
2103,4007,30,2,271.43,USD,Voucher,10/04/2025
2104,932,21,2,371.56,USD,Mobile Money,11/02/2026
2105,551,28,2,282.64,USD,Bank Transfer,09/07/2026
2106,1395,3,2,244.15,USD,Mobile Money,21/01/2025
2107,679,21,5,56.29,USD,Mobile Money,13/11/2024
2108,1920,28,1,252.37,USD,Bank Transfer,16/01/2025
2109,1770,20,1,50.17,USD,Cash,08/12/2025
2110,4452,4,4,226.94,USD,Bank Transfer,23/12/2025
2111,706,30,2,406.24,USD,Mobile Money,23/02/2025
2112,3685,17,2,192.22,USD,Mobile Money,23/07/2025
2113,2821,27,1,345.02,USD,Bank Transfer,27/11/2024
2114,2398,13,1,435.47,USD,Bank Transfer,13/08/2025
2115,4073,5,4,348.56,USD,Voucher,18/04/2025
2116,4305,7,1,73.45,USD,Cash,23/12/2025
2117,2217,19,5,246.54,USD,Mobile Money,03/05/2025
2118,4262,4,3,67.77,USD,Cash,12/01/2025
2119,234,9,3,374.71,USD,Voucher,03/10/2024
2120,2373,19,4,157.04,USD,Mobile Money,03/12/2025
2121,1121,23,1,35.37,USD,Mobile Money,23/08/2025
2122,3499,19,5,241.67,USD,Cash,01/04/2025
2123,4316,3,5,467.94,USD,Cash,08/09/2024
2124,1403,17,5,57.27,USD,Cash,22/07/2025
2125,3844,15,4,267.08,USD,Cash,05/03/2026
2126,4888,12,3,34.23,USD,Voucher,27/05/2025
2127,4293,15,2,345.22,USD,Voucher,04/02/2026
2128,1961,17,2,440.68,USD,Mobile Money,13/03/2026
2129,1786,1,1,214.68,USD,Mobile Money,23/04/2025
2130,3183,5,2,67.11,USD,Mobile Money,31/01/2025
2131,176,7,5,492.01,USD,Bank Transfer,13/12/2024
2132,3370,30,5,302.25,USD,Cash,24/09/2025
2133,319,5,3,456.82,USD,Bank Transfer,08/03/2026
2134,1337,5,4,154.52,USD,Voucher,27/07/2024
2135,3592,28,4,149.1,USD,Cash,21/10/2025
2136,1791,6,4,168.27,USD,Voucher,14/12/2025
2137,3108,29,4,352.03,USD,Mobile Money,11/12/2024
2138,4694,21,3,172.48,USD,Mobile Money,19/01/2026
2139,4197,5,4,382.29,USD,Bank Transfer,11/05/2025
2140,4049,30,3,67.14,USD,Bank Transfer,27/01/2025
2141,3023,3,4,353.94,USD,Bank Transfer,22/09/2024
2142,528,8,4,36.39,USD,Mobile Money,01/08/2025
2143,134,23,2,139.95,USD,Mobile Money,13/05/2025
2144,712,17,1,244,USD,Cash,13/09/2024
2145,3729,26,3,133.81,USD,Voucher,30/11/2025
2146,4850,21,3,284.9,USD,Bank Transfer,26/10/2024
2147,1329,9,5,485.76,USD,Bank Transfer,03/10/2024
2148,4536,9,1,139.48,USD,Voucher,12/03/2026
2149,723,21,1,427.87,USD,Bank Transfer,22/06/2026
2150,4839,20,1,22.95,USD,Mobile Money,01/03/2026
2151,2327,27,2,84.4,USD,Voucher,19/04/2025
2152,507,11,1,267.05,USD,Voucher,18/06/2025
2153,3857,23,5,115.53,USD,Mobile Money,18/07/2025
2154,4996,22,5,297.08,USD,Cash,14/10/2024
2155,710,18,3,395.86,USD,Mobile Money,17/03/2025
2156,3350,18,4,464.9,USD,Mobile Money,15/06/2026
2157,3460,24,2,398.69,USD,Bank Transfer,01/11/2024
2158,1697,30,5,58.43,USD,Bank Transfer,06/08/2024
2159,4769,29,1,488.52,USD,Cash,05/02/2025
2160,3336,20,3,243.87,USD,Bank Transfer,06/04/2026
2161,3414,7,3,100.52,USD,Cash,21/03/2025
2162,918,17,3,20.63,USD,Mobile Money,07/06/2026
2163,1453,19,4,119.53,USD,Bank Transfer,17/10/2025
2164,2940,25,1,422.64,USD,Cash,05/04/2025
2165,2097,16,4,128.92,USD,Mobile Money,31/10/2024
2166,1971,8,4,457.58,USD,Mobile Money,03/11/2025
2167,4615,14,4,196.89,USD,Bank Transfer,29/07/2025
2168,952,19,3,243.88,USD,Cash,05/09/2025
2169,3342,1,4,175.37,USD,Voucher,22/05/2025
2170,4093,29,5,102.49,USD,Cash,03/11/2024
2171,4820,18,1,393.09,USD,Cash,23/02/2026
2172,3631,22,2,446.72,USD,Mobile Money,19/07/2026
2173,1895,1,3,47.99,USD,Cash,19/09/2025
2174,2113,14,1,419.53,USD,Mobile Money,22/02/2025
2175,2869,2,5,119.23,USD,Voucher,05/10/2024
2176,1867,25,2,212.41,USD,Mobile Money,03/07/2025
2177,2414,10,2,227.4,USD,Cash,03/08/2024
2178,4017,9,4,211.48,USD,Voucher,26/07/2024
2179,3851,30,1,466.91,USD,Bank Transfer,06/10/2024
2180,486,22,5,66.46,USD,Bank Transfer,17/03/2025
2181,3407,3,4,478.68,USD,Cash,15/06/2026
2182,2379,14,5,36.16,USD,Mobile Money,03/06/2026
2183,572,5,5,258.25,USD,Cash,07/08/2025
2184,2444,6,1,231.91,USD,Cash,30/07/2024
2185,3622,24,4,146.25,USD,Voucher,17/02/2025
2186,4218,11,2,302.12,USD,Voucher,16/12/2024
2187,2792,19,2,152.31,USD,Cash,02/12/2025
2188,3238,6,3,379.6,USD,Cash,27/09/2024
2189,2652,23,1,237.4,USD,Voucher,19/06/2025
2190,1384,7,2,168.85,USD,Cash,29/12/2025
2191,3939,5,2,408.34,USD,Voucher,30/08/2025
2192,1501,8,1,34.16,USD,Cash,28/08/2025
2193,4884,20,3,366.99,USD,Bank Transfer,14/08/2025
2194,1579,9,2,36.36,USD,Voucher,29/06/2025
2195,4689,16,2,29.45,USD,Voucher,09/05/2026
2196,1609,6,1,436.13,USD,Cash,31/07/2025
2197,4526,5,3,304.8,USD,Mobile Money,14/05/2025
2198,518,19,4,143.13,USD,Voucher,11/12/2024
2199,274,4,1,194.3,USD,Voucher,26/07/2024
2200,375,2,4,140.13,USD,Cash,26/04/2025
2201,3919,20,3,377.38,USD,Cash,05/06/2025
2202,2863,29,5,382.32,USD,Mobile Money,20/01/2026
2203,2992,27,1,336.23,USD,Cash,13/09/2025
2204,3086,21,3,344.08,USD,Cash,11/09/2024
2205,3945,2,1,494.22,USD,Voucher,25/06/2026
2206,1020,2,1,383.77,USD,Voucher,09/05/2026
2207,1677,21,3,362.36,USD,Cash,19/04/2025
2208,1262,2,1,56.13,USD,Voucher,11/04/2025
2209,2028,9,4,183.27,USD,Mobile Money,29/03/2026
2210,1542,28,5,287.26,USD,Mobile Money,08/06/2026
2211,3612,30,2,428.58,USD,Bank Transfer,17/07/2026
2212,2293,13,1,104.92,USD,Cash,25/09/2025
2213,4973,22,5,54.98,USD,Mobile Money,07/02/2025
2214,2540,3,3,67.65,USD,Mobile Money,07/02/2026
2215,2853,17,3,396.32,USD,Voucher,18/07/2026
2216,776,1,2,198.06,USD,Mobile Money,17/06/2025
2217,3028,21,3,172.39,USD,Cash,21/09/2025
2218,2652,7,3,419.91,USD,Cash,10/11/2024
2219,3757,10,2,292.55,USD,Bank Transfer,27/10/2024
2220,4401,2,3,465.9,USD,Voucher,11/10/2024
2221,1339,6,1,87.97,USD,Cash,06/08/2024
2222,123,19,4,230.63,USD,Voucher,22/01/2026
2223,4557,16,1,45.24,USD,Voucher,07/02/2025
2224,2002,18,1,34.98,USD,Cash,03/02/2025
2225,434,8,5,294.71,USD,Mobile Money,25/06/2026
2226,1975,30,2,145.12,USD,Voucher,09/12/2025
2227,4124,19,2,406.32,USD,Voucher,20/07/2024
2228,2959,10,4,294.92,USD,Voucher,19/07/2025
2229,1651,11,5,450.48,USD,Mobile Money,25/03/2025
2230,484,11,2,296.36,USD,Bank Transfer,24/09/2025
2231,4978,26,2,92.59,USD,Voucher,05/01/2026
2232,155,12,2,371.57,USD,Voucher,25/09/2025
2233,4752,15,1,372.84,USD,Voucher,13/05/2025
2234,3836,23,1,457.57,USD,Voucher,05/09/2024
2235,896,26,2,138.66,USD,Voucher,21/01/2026
2236,1620,2,1,67.32,USD,Mobile Money,31/12/2025
2237,1845,20,2,88.72,USD,Mobile Money,09/12/2025
2238,579,4,5,479.8,USD,Mobile Money,10/03/2026
2239,2431,23,2,167.64,USD,Mobile Money,24/09/2025
2240,3767,27,3,30.88,USD,Bank Transfer,08/08/2025
2241,1864,3,4,303.77,USD,Voucher,13/04/2025
2242,4972,7,3,386.35,USD,Bank Transfer,09/04/2025
2243,3572,29,4,179.5,USD,Voucher,30/01/2026
2244,2273,22,2,183.51,USD,Bank Transfer,20/11/2025
2245,3440,12,3,355.09,USD,Mobile Money,07/07/2025
2246,4125,7,5,73.16,USD,Mobile Money,16/09/2025
2247,260,13,3,356.25,USD,Mobile Money,30/05/2025
2248,2041,7,4,496.01,USD,Voucher,16/06/2025
2249,87,10,2,64.18,USD,Voucher,08/01/2025
2250,1489,6,3,214.24,USD,Voucher,28/07/2024
2251,3299,25,4,267.52,USD,Cash,13/06/2026
2252,4555,1,5,342.24,USD,Bank Transfer,29/10/2025
2253,3222,29,3,429.4,USD,Cash,04/11/2025
2254,1909,12,1,246.35,USD,Voucher,03/03/2026
2255,1697,27,2,293.88,USD,Mobile Money,08/11/2024
2256,3940,15,5,479.63,USD,Bank Transfer,28/05/2026
2257,1621,26,5,239.77,USD,Voucher,06/08/2025
2258,804,10,4,296.02,USD,Cash,18/12/2025
2259,229,12,5,163.83,USD,Voucher,14/09/2025
2260,2717,17,2,303.57,USD,Bank Transfer,08/12/2024
2261,4448,18,5,336.71,USD,Bank Transfer,17/07/2026
2262,1120,6,2,400.94,USD,Cash,22/10/2025
2263,4755,26,5,201.77,USD,Mobile Money,26/04/2025
2264,299,10,2,220.54,USD,Voucher,25/01/2025
2265,4494,8,3,353.91,USD,Voucher,18/03/2026
2266,1548,21,3,179.71,USD,Cash,19/04/2025
2267,1056,16,5,214.19,USD,Voucher,22/09/2025
2268,3453,7,1,102.16,USD,Cash,20/12/2025
2269,2191,15,3,349.16,USD,Bank Transfer,01/07/2026
2270,1786,16,5,60.26,USD,Cash,31/03/2025
2271,1971,21,4,461.18,USD,Voucher,21/03/2025
2272,3045,24,5,322.3,USD,Bank Transfer,08/10/2025
2273,3147,30,2,191.81,USD,Bank Transfer,06/06/2026
2274,3178,3,2,342.68,USD,Voucher,29/10/2025
2275,1235,23,1,48.07,USD,Voucher,31/05/2025
2276,9,18,1,232.3,USD,Bank Transfer,24/05/2025
2277,4311,28,1,210.22,USD,Voucher,02/07/2025
2278,1290,27,4,128.61,USD,Voucher,03/10/2024
2279,2926,20,1,461.89,USD,Voucher,19/08/2025
2280,4930,26,3,190.81,USD,Bank Transfer,27/03/2025
2281,5,4,5,287.44,USD,Cash,24/06/2026
2282,4973,2,4,211.32,USD,Bank Transfer,05/04/2026
2283,2151,7,4,158.52,USD,Bank Transfer,28/09/2025
2284,687,8,4,277.4,USD,Cash,04/07/2026
2285,1224,14,2,393.33,USD,Voucher,22/05/2026
2286,1887,21,4,409.14,USD,Mobile Money,28/08/2024
2287,1051,10,5,374.59,USD,Mobile Money,24/09/2024
2288,2932,14,3,250.35,USD,Bank Transfer,15/02/2025
2289,1013,2,1,463.05,USD,Mobile Money,25/01/2025
2290,1408,4,2,451.19,USD,Mobile Money,20/12/2024
2291,3331,26,5,368.09,USD,Cash,05/04/2026
2292,2831,10,2,173.19,USD,Mobile Money,03/02/2026
2293,1339,26,4,99.28,USD,Mobile Money,05/11/2025
2294,915,6,5,368.72,USD,Voucher,09/06/2025
2295,2121,16,4,370.36,USD,Voucher,21/09/2024
2296,368,28,1,445.39,USD,Bank Transfer,01/10/2025
2297,3899,5,4,228.96,USD,Bank Transfer,19/09/2024
2298,1851,21,5,452.46,USD,Bank Transfer,10/01/2025
2299,2975,17,5,212.61,USD,Mobile Money,20/03/2026
2300,4892,9,5,281.12,USD,Bank Transfer,09/10/2024
2301,1095,24,4,297.5,USD,Cash,17/07/2026
2302,127,4,4,49.93,USD,Bank Transfer,12/02/2025
2303,4222,9,5,236.86,USD,Bank Transfer,23/04/2026
2304,2466,28,4,196.96,USD,Bank Transfer,14/05/2025
2305,3584,6,2,278.22,USD,Bank Transfer,21/12/2025
2306,1014,8,5,423.51,USD,Mobile Money,31/03/2025
2307,3884,6,3,496.35,USD,Bank Transfer,11/12/2024
2308,385,20,3,304.53,USD,Cash,01/09/2025
2309,2481,25,3,125.65,USD,Cash,04/04/2026
2310,3235,17,1,375.32,USD,Mobile Money,04/10/2024
2311,2445,27,4,115.97,USD,Bank Transfer,31/05/2026
2312,3261,24,1,487.53,USD,Bank Transfer,22/10/2024
2313,4074,22,4,92.91,USD,Mobile Money,15/06/2025
2314,1938,4,5,456.78,USD,Cash,08/07/2026
2315,2455,13,2,377.08,USD,Cash,12/01/2026
2316,1567,18,1,278.77,USD,Voucher,10/10/2025
2317,4056,20,3,36.38,USD,Cash,10/06/2026
2318,3175,1,5,104.89,USD,Bank Transfer,05/03/2025
2319,1889,7,2,160.82,USD,Mobile Money,30/05/2026
2320,2455,22,3,289.78,USD,Bank Transfer,10/10/2025
2321,1445,26,1,313.67,USD,Bank Transfer,15/05/2026
2322,4293,14,4,421.95,USD,Mobile Money,29/01/2026
2323,4599,9,1,313.79,USD,Bank Transfer,05/07/2025
2324,3560,30,2,207.47,USD,Voucher,13/05/2025
2325,1634,12,3,94.98,USD,Bank Transfer,20/04/2026
2326,4577,17,1,483.9,USD,Bank Transfer,26/07/2025
2327,4664,18,5,70.54,USD,Cash,22/11/2024
2328,3718,12,4,50.09,USD,Mobile Money,12/08/2025
2329,4158,13,5,246.2,USD,Cash,25/04/2025
2330,4829,7,5,472.05,USD,Voucher,03/02/2026
2331,1165,28,2,263.26,USD,Voucher,13/01/2026
2332,4606,17,2,410.29,USD,Voucher,26/02/2026
2333,440,11,3,433.86,USD,Voucher,01/02/2025
2334,2866,7,4,236.08,USD,Voucher,11/09/2024
2335,4451,10,1,64.15,USD,Cash,30/05/2026
2336,4481,13,4,458.35,USD,Voucher,02/11/2025
2337,2129,2,2,365.41,USD,Bank Transfer,22/01/2026
2338,2214,11,4,412.35,USD,Cash,16/11/2025
2339,2457,20,3,181.61,USD,Cash,04/01/2025
2340,3574,7,3,203.16,USD,Mobile Money,24/09/2024
2341,1408,1,2,413.31,USD,Cash,20/06/2025
2342,1743,14,3,488.76,USD,Voucher,09/06/2025
2343,1247,17,5,477.26,USD,Voucher,20/09/2025
2344,3274,11,3,367.49,USD,Bank Transfer,28/06/2025
2345,2399,30,1,60.66,USD,Mobile Money,17/03/2026
2346,2781,21,2,269.38,USD,Voucher,06/12/2024
2347,1996,6,5,188.27,USD,Voucher,08/04/2025
2348,2977,15,3,130.97,USD,Bank Transfer,08/01/2025
2349,3342,8,4,331.73,USD,Mobile Money,08/12/2025
2350,3681,19,5,452.25,USD,Bank Transfer,15/03/2026
2351,1949,25,4,24.88,USD,Voucher,14/02/2025
2352,3622,16,2,241.48,USD,Bank Transfer,07/07/2026
2353,4445,3,1,135.35,USD,Cash,07/03/2025
2354,3422,6,5,125.19,USD,Cash,11/05/2026
2355,3594,2,5,265.63,USD,Bank Transfer,22/07/2024
2356,4397,27,5,343.44,USD,Cash,21/02/2026
2357,4532,30,4,380.31,USD,Bank Transfer,07/07/2026
2358,2396,19,4,136.74,USD,Bank Transfer,05/10/2025
2359,4860,16,3,466.94,USD,Voucher,22/12/2024
2360,818,11,1,57.61,USD,Mobile Money,12/12/2025
2361,3788,13,2,160.77,USD,Cash,24/01/2026
2362,4219,25,2,183.11,USD,Voucher,29/03/2025
2363,4099,25,3,158.73,USD,Cash,03/08/2025
2364,255,22,2,330.34,USD,Bank Transfer,09/05/2025
2365,531,5,1,73.86,USD,Mobile Money,24/06/2026
2366,4873,25,5,26.78,USD,Voucher,21/12/2024
2367,222,25,5,437.71,USD,Bank Transfer,11/05/2025
2368,4640,21,4,210.13,USD,Cash,02/06/2026
2369,539,8,3,252.11,USD,Cash,14/08/2024
2370,4186,13,2,446.04,USD,Cash,23/06/2025
2371,2088,23,3,77.49,USD,Bank Transfer,03/09/2024
2372,4216,12,3,494.52,USD,Mobile Money,22/06/2026
2373,64,6,5,139.41,USD,Bank Transfer,15/01/2025
2374,2486,16,5,274.07,USD,Cash,20/07/2024
2375,585,23,3,316.06,USD,Voucher,05/09/2024
2376,3171,6,2,118.26,USD,Voucher,22/03/2025
2377,3586,15,1,40.46,USD,Voucher,24/04/2026
2378,1893,6,2,126.28,USD,Cash,19/03/2025
2379,204,10,2,103.63,USD,Cash,11/09/2024
2380,858,24,3,295.89,USD,Voucher,30/12/2025
2381,4985,14,4,165.49,USD,Voucher,10/06/2026
2382,1381,12,2,93.67,USD,Bank Transfer,03/09/2024
2383,1680,10,5,451.43,USD,Mobile Money,12/02/2025
2384,3818,30,3,347.67,USD,Bank Transfer,09/06/2025
2385,4168,21,4,372.97,USD,Bank Transfer,22/01/2026
2386,453,2,5,406.47,USD,Voucher,15/03/2025
2387,2076,8,2,368.51,USD,Cash,11/10/2024
2388,2764,8,4,398.92,USD,Bank Transfer,29/11/2024
2389,527,13,2,337.18,USD,Bank Transfer,18/09/2024
2390,3554,16,2,35.19,USD,Cash,30/08/2025
2391,4113,23,4,213.04,USD,Bank Transfer,16/09/2024
2392,1857,8,1,484.99,USD,Voucher,20/12/2024
2393,2179,11,4,470.18,USD,Mobile Money,24/10/2025
2394,3424,13,4,321.76,USD,Mobile Money,02/10/2025
2395,2719,15,3,73.88,USD,Bank Transfer,12/11/2024
2396,1041,8,4,257.99,USD,Mobile Money,04/09/2024
2397,66,9,5,48.07,USD,Bank Transfer,30/12/2024
2398,1715,22,4,153.54,USD,Voucher,30/11/2025
2399,2695,19,5,375.59,USD,Mobile Money,30/07/2024
2400,4854,23,5,287.06,USD,Mobile Money,09/02/2026
2401,753,19,4,39.76,USD,Cash,31/07/2025
2402,2003,16,3,469.18,USD,Voucher,11/05/2026
2403,1818,2,5,447.09,USD,Voucher,25/04/2026
2404,3608,6,1,364.35,USD,Cash,05/01/2026
2405,2342,23,3,355.37,USD,Mobile Money,23/06/2025
2406,2763,19,2,368.4,USD,Bank Transfer,22/08/2025
2407,4823,20,2,314.72,USD,Bank Transfer,22/09/2025
2408,4773,6,1,455.27,USD,Bank Transfer,02/05/2025
2409,1756,18,5,427.76,USD,Bank Transfer,07/12/2024
2410,3259,6,2,135.97,USD,Mobile Money,19/03/2026
2411,2514,26,5,398.19,USD,Cash,14/09/2024
2412,2306,7,1,226.83,USD,Cash,13/04/2026
2413,4454,9,3,391.81,USD,Mobile Money,03/10/2025
2414,174,17,2,250.56,USD,Bank Transfer,27/10/2025
2415,1856,8,3,498.43,USD,Cash,05/01/2025
2416,4333,24,1,157.14,USD,Mobile Money,02/12/2025
2417,4694,20,4,251.42,USD,Cash,07/06/2026
2418,1946,1,5,346.17,USD,Cash,18/12/2024
2419,2887,10,2,252.22,USD,Bank Transfer,31/10/2024
2420,3444,17,5,222.22,USD,Cash,28/02/2025
2421,1251,9,3,168.99,USD,Mobile Money,18/09/2024
2422,2473,13,3,29.96,USD,Bank Transfer,26/11/2025
2423,456,7,3,389.75,USD,Mobile Money,16/02/2025
2424,436,11,2,188.31,USD,Bank Transfer,04/09/2025
2425,1549,18,1,298.11,USD,Mobile Money,13/10/2025
2426,3236,5,3,419.29,USD,Bank Transfer,13/08/2025
2427,2767,14,1,154.32,USD,Bank Transfer,26/04/2026
2428,3627,6,2,370.24,USD,Voucher,24/09/2025
2429,150,6,2,141.51,USD,Mobile Money,25/10/2025
2430,383,11,4,140.86,USD,Voucher,26/04/2025
2431,330,7,5,278.77,USD,Mobile Money,18/05/2025
2432,4180,5,4,73.92,USD,Cash,17/09/2025
2433,4912,23,2,228.25,USD,Voucher,12/10/2025
2434,4731,5,3,106.4,USD,Bank Transfer,01/04/2026
2435,3569,24,1,308.11,USD,Voucher,05/04/2025
2436,2111,22,1,322.23,USD,Bank Transfer,05/09/2025
2437,2113,18,2,429.05,USD,Bank Transfer,29/03/2025
2438,4328,1,3,146.1,USD,Bank Transfer,08/05/2025
2439,4683,13,1,478.49,USD,Voucher,06/08/2025
2440,2727,13,3,379.16,USD,Cash,09/01/2025
2441,3537,17,1,242.53,USD,Voucher,06/09/2025
2442,3492,25,5,219.46,USD,Voucher,26/03/2025
2443,1601,30,1,43.51,USD,Mobile Money,12/09/2025
2444,457,16,5,251.51,USD,Cash,27/04/2026
2445,3493,2,5,263.35,USD,Bank Transfer,04/02/2025
2446,1870,20,4,461.16,USD,Cash,19/07/2026
2447,3822,21,1,371.41,USD,Bank Transfer,03/12/2024
2448,4819,13,3,103.59,USD,Bank Transfer,01/07/2026
2449,824,14,3,194.22,USD,Bank Transfer,08/09/2024
2450,3749,2,1,382.44,USD,Mobile Money,01/01/2025
2451,1314,26,4,355.37,USD,Cash,08/07/2025
2452,2265,13,1,91.46,USD,Mobile Money,06/11/2025
2453,3226,25,1,290.74,USD,Voucher,03/06/2026
2454,4117,9,5,343.29,USD,Voucher,14/11/2024
2455,669,6,2,166.98,USD,Bank Transfer,27/04/2025
2456,4998,17,2,84.97,USD,Voucher,19/03/2025
2457,4341,22,2,397.79,USD,Voucher,18/08/2024
2458,4423,7,1,411.21,USD,Voucher,09/04/2026
2459,1209,20,5,63.49,USD,Cash,21/07/2025
2460,23,2,4,388.87,USD,Mobile Money,02/01/2026
2461,3386,27,1,338.18,USD,Cash,03/07/2026
2462,1089,8,1,191.58,USD,Bank Transfer,29/09/2024
2463,268,20,1,123.39,USD,Mobile Money,14/04/2025
2464,4483,10,4,299.56,USD,Cash,12/02/2026
2465,1007,8,3,338.1,USD,Voucher,26/04/2025
2466,4269,1,4,275.89,USD,Cash,30/09/2025
2467,4118,12,1,79.99,USD,Cash,06/06/2026
2468,1662,19,2,293.54,USD,Bank Transfer,20/08/2025
2469,3923,10,2,308.52,USD,Voucher,21/07/2024
2470,991,24,4,289.25,USD,Mobile Money,22/08/2025
2471,1791,28,5,246.44,USD,Cash,14/05/2025
2472,1594,30,2,34.38,USD,Bank Transfer,20/04/2026
2473,425,17,4,22.26,USD,Voucher,14/06/2026
2474,2531,9,3,165.16,USD,Bank Transfer,26/05/2025
2475,608,1,2,36.34,USD,Bank Transfer,04/03/2026
2476,3225,25,2,283.01,USD,Mobile Money,11/01/2026
2477,4548,29,4,308.7,USD,Bank Transfer,23/07/2025
2478,1992,27,4,420.76,USD,Cash,22/01/2025
2479,3188,1,4,156.02,USD,Cash,13/08/2024
2480,4415,10,5,313.45,USD,Bank Transfer,18/02/2025
2481,1892,25,1,35.09,USD,Cash,01/02/2026
2482,463,22,1,137.96,USD,Bank Transfer,19/04/2026
2483,4889,10,4,451.94,USD,Voucher,22/12/2024
2484,158,14,4,152.04,USD,Mobile Money,26/01/2025
2485,201,25,2,469.86,USD,Voucher,30/12/2024
2486,1279,24,1,257.06,USD,Cash,04/10/2024
2487,1401,6,1,225.38,USD,Bank Transfer,01/12/2025
2488,312,21,3,336.39,USD,Cash,07/05/2026
2489,3377,30,2,133.39,USD,Voucher,10/12/2024
2490,2765,10,1,243.34,USD,Bank Transfer,03/12/2024
2491,977,24,5,420.5,USD,Voucher,19/01/2025
2492,2344,28,3,493.92,USD,Mobile Money,24/01/2026
2493,586,16,2,392.64,USD,Voucher,24/08/2024
2494,1738,2,1,86.39,USD,Cash,17/04/2026
2495,4405,19,2,346.92,USD,Voucher,15/09/2024
2496,3981,13,4,364.7,USD,Mobile Money,12/04/2025
2497,456,13,4,301.82,USD,Mobile Money,20/10/2025
2498,4035,2,4,225.08,USD,Cash,29/12/2025
2499,4786,10,1,113.09,USD,Mobile Money,16/01/2026
2500,2247,27,3,84.15,USD,Bank Transfer,31/10/2025
2501,3917,21,4,419.03,USD,Bank Transfer,01/11/2024
2502,3847,25,2,145.76,USD,Voucher,28/05/2026
2503,1249,26,1,321.95,USD,Bank Transfer,12/07/2026
2504,1957,17,2,368.66,USD,Voucher,30/12/2025
2505,2694,22,2,215.43,USD,Mobile Money,04/05/2025
2506,3633,12,3,49.41,USD,Mobile Money,29/05/2025
2507,3002,5,2,292.45,USD,Mobile Money,20/10/2024
2508,171,17,2,498.11,USD,Voucher,24/07/2025
2509,3631,18,2,183.35,USD,Mobile Money,25/01/2026
2510,1711,10,2,210.61,USD,Cash,11/01/2026
2511,891,15,3,190.16,USD,Bank Transfer,18/10/2024
2512,4853,29,1,287.51,USD,Voucher,25/08/2025
2513,4499,20,4,247.51,USD,Voucher,08/07/2026
2514,2610,23,1,179.88,USD,Mobile Money,28/03/2026
2515,3351,6,5,244.99,USD,Mobile Money,06/11/2025
2516,3644,14,2,279.5,USD,Voucher,11/06/2026
2517,3648,11,1,315.79,USD,Mobile Money,28/12/2025
2518,3470,18,1,29.25,USD,Mobile Money,23/06/2026
2519,2338,1,3,477.3,USD,Cash,21/02/2026
2520,2601,21,2,384.69,USD,Cash,07/11/2025
2521,4522,22,1,83.71,USD,Mobile Money,14/04/2025
2522,1082,26,3,448.45,USD,Bank Transfer,15/12/2025
2523,1047,1,3,77.35,USD,Cash,24/02/2026
2524,2070,15,3,323.65,USD,Cash,24/10/2024
2525,1643,22,3,146.6,USD,Mobile Money,14/08/2024
2526,2461,16,4,154.71,USD,Voucher,02/11/2024
2527,2035,10,4,47.92,USD,Bank Transfer,03/05/2025
2528,4403,8,3,157.71,USD,Mobile Money,20/12/2024
2529,4963,13,4,248.24,USD,Mobile Money,08/05/2025
2530,2593,15,1,484.07,USD,Mobile Money,06/08/2024
2531,2479,2,4,416.2,USD,Voucher,11/08/2024
2532,1192,26,4,99.59,USD,Cash,10/06/2025
2533,4930,17,1,151.42,USD,Mobile Money,22/09/2025
2534,3683,5,4,89.03,USD,Cash,13/09/2025
2535,3066,6,4,440.46,USD,Bank Transfer,08/06/2025
2536,3631,9,1,121.39,USD,Voucher,05/03/2026
2537,2623,8,2,460.89,USD,Mobile Money,16/06/2025
2538,599,24,3,316.98,USD,Bank Transfer,20/05/2026
2539,2499,13,5,164.03,USD,Cash,07/02/2025
2540,177,25,4,32.89,USD,Bank Transfer,29/09/2025
2541,376,2,2,236.14,USD,Voucher,14/11/2024
2542,3121,15,3,219.19,USD,Bank Transfer,18/04/2025
2543,2675,7,4,416.53,USD,Bank Transfer,22/09/2025
2544,2099,27,2,35.86,USD,Mobile Money,20/03/2026
2545,4613,25,1,102.47,USD,Bank Transfer,13/02/2025
2546,3791,15,4,85.68,USD,Cash,14/07/2025
2547,15,12,2,371,USD,Bank Transfer,07/10/2024
2548,3006,26,3,298.84,USD,Cash,03/05/2026
2549,3587,8,5,116.43,USD,Bank Transfer,07/05/2026
2550,1500,21,4,378.25,USD,Bank Transfer,02/06/2026
2551,3601,18,1,320.19,USD,Mobile Money,08/11/2025
2552,3756,21,1,249.75,USD,Voucher,23/05/2025
2553,414,20,4,208.61,USD,Cash,21/07/2025
2554,3867,9,3,134.32,USD,Bank Transfer,23/11/2024
2555,3505,18,3,296.04,USD,Mobile Money,29/11/2025
2556,4800,19,4,481.51,USD,Voucher,14/11/2024
2557,1921,4,4,226.72,USD,Bank Transfer,23/05/2026
2558,4751,14,5,103.2,USD,Voucher,08/03/2025
2559,1759,30,1,314.43,USD,Cash,30/07/2025
2560,3157,15,1,221.78,USD,Bank Transfer,03/10/2024
2561,2925,18,2,245.2,USD,Cash,03/06/2026
2562,337,17,3,63.42,USD,Bank Transfer,05/11/2025
2563,3169,15,3,269.72,USD,Bank Transfer,06/01/2025
2564,2631,2,5,180.21,USD,Cash,08/08/2024
2565,1434,7,2,124.62,USD,Voucher,26/03/2025
2566,559,24,4,58.49,USD,Cash,22/06/2026
2567,3841,17,4,399.84,USD,Voucher,21/03/2026
2568,2051,10,5,422.89,USD,Mobile Money,06/03/2026
2569,3796,16,2,443.26,USD,Voucher,10/06/2026
2570,4046,24,5,400.95,USD,Cash,13/01/2026
2571,1825,24,3,252.41,USD,Mobile Money,29/10/2025
2572,1359,23,1,58.66,USD,Cash,12/08/2024
2573,203,12,5,277.31,USD,Mobile Money,24/09/2024
2574,2525,15,2,94.97,USD,Bank Transfer,24/02/2026
2575,1245,2,4,300.53,USD,Mobile Money,23/01/2025
2576,2383,28,1,396.53,USD,Bank Transfer,19/03/2025
2577,4913,30,1,421.36,USD,Bank Transfer,01/03/2025
2578,4570,13,4,121.59,USD,Mobile Money,07/07/2025
2579,4810,6,3,338.85,USD,Bank Transfer,10/01/2025
2580,2650,7,5,357.72,USD,Bank Transfer,25/11/2025
2581,2011,4,3,34.76,USD,Cash,06/12/2025
2582,4784,18,1,34.77,USD,Bank Transfer,05/11/2025
2583,2026,11,2,101,USD,Voucher,12/01/2025
2584,3675,15,3,402.53,USD,Mobile Money,14/11/2025
2585,4194,11,1,99.42,USD,Cash,13/08/2024
2586,4347,28,4,139.13,USD,Bank Transfer,26/04/2026
2587,3798,26,2,117.28,USD,Cash,02/06/2026
2588,1503,23,4,432.73,USD,Voucher,20/05/2025
2589,1507,6,4,260.42,USD,Voucher,14/10/2025
2590,3282,15,4,241.81,USD,Mobile Money,27/07/2024
2591,2662,12,4,324.98,USD,Cash,12/04/2025
2592,3629,23,4,272.51,USD,Voucher,04/09/2024
2593,4719,14,3,397.82,USD,Mobile Money,19/05/2025
2594,3747,3,5,134.26,USD,Mobile Money,30/12/2025
2595,502,21,5,379.54,USD,Bank Transfer,12/05/2025
2596,2715,11,4,486.07,USD,Mobile Money,16/07/2025
2597,4780,14,5,386.85,USD,Cash,14/09/2025
2598,4136,24,2,492.4,USD,Voucher,13/04/2025
2599,3787,23,1,473.47,USD,Bank Transfer,15/05/2025
2600,2316,21,1,26.5,USD,Voucher,16/10/2025
2601,1598,28,2,299.64,USD,Bank Transfer,12/10/2025
2602,1484,20,2,101.02,USD,Voucher,13/03/2026
2603,4124,3,2,458.13,USD,Voucher,13/10/2025
2604,3324,23,3,336.38,USD,Bank Transfer,26/03/2025
2605,430,10,4,110.48,USD,Cash,05/04/2025
2606,4882,18,2,331.68,USD,Mobile Money,20/07/2025
2607,2646,9,1,92.99,USD,Mobile Money,02/02/2025
2608,4821,18,4,281.24,USD,Mobile Money,11/03/2025
2609,3012,16,1,356.46,USD,Bank Transfer,03/07/2026
2610,2529,1,5,388.23,USD,Mobile Money,19/09/2024
2611,510,29,3,478.3,USD,Cash,14/07/2025
2612,1314,17,2,340.62,USD,Voucher,08/05/2025
2613,948,8,5,282.44,USD,Bank Transfer,21/02/2025
2614,48,17,3,138.16,USD,Voucher,22/03/2025
2615,3552,9,2,405.79,USD,Mobile Money,06/07/2025
2616,4592,14,5,74.84,USD,Voucher,12/01/2026
2617,2643,5,1,67.61,USD,Mobile Money,28/08/2025
2618,4237,13,1,476.5,USD,Bank Transfer,04/01/2026
2619,4970,17,2,406.14,USD,Voucher,23/01/2026
2620,1472,17,4,30.28,USD,Mobile Money,28/02/2025
2621,3148,6,1,472.7,USD,Bank Transfer,13/12/2024
2622,2139,22,4,443.17,USD,Voucher,12/05/2025
2623,1188,29,2,431.26,USD,Voucher,05/09/2024
2624,1420,3,1,28.27,USD,Mobile Money,20/02/2025
2625,891,21,5,225.43,USD,Mobile Money,01/06/2025
2626,4398,10,3,411.03,USD,Bank Transfer,22/02/2026
2627,2613,3,3,190.22,USD,Bank Transfer,02/12/2025
2628,357,3,3,285.36,USD,Voucher,23/08/2025
2629,4861,13,3,283.67,USD,Mobile Money,07/11/2025
2630,4046,14,4,208.07,USD,Voucher,14/04/2025
2631,1118,13,4,386.26,USD,Voucher,05/12/2024
2632,4657,14,5,66.9,USD,Voucher,17/11/2024
2633,2640,3,2,457.74,USD,Voucher,23/05/2025
2634,808,24,5,134.56,USD,Cash,24/06/2025
2635,2349,12,4,416.57,USD,Bank Transfer,10/01/2026
2636,2704,11,5,461.57,USD,Cash,16/05/2026
2637,3427,15,3,257.09,USD,Mobile Money,30/05/2025
2638,3072,26,2,101.45,USD,Mobile Money,05/12/2024
2639,1706,26,5,153.55,USD,Cash,27/01/2026
2640,1777,3,1,414.5,USD,Voucher,09/12/2024
2641,4113,28,3,104.92,USD,Bank Transfer,01/11/2024
2642,1291,21,2,39.33,USD,Bank Transfer,02/04/2026
2643,3126,3,5,485.58,USD,Voucher,04/07/2025
2644,2933,24,3,344.03,USD,Mobile Money,12/11/2025
2645,1979,5,5,284.46,USD,Voucher,26/12/2024
2646,1936,16,2,455.88,USD,Voucher,29/08/2024
2647,4087,5,3,101.77,USD,Mobile Money,15/12/2024
2648,4154,29,5,204.49,USD,Bank Transfer,13/09/2025
2649,3435,21,3,118.51,USD,Mobile Money,14/07/2026
2650,788,1,4,487.94,USD,Bank Transfer,24/06/2026
2651,4298,13,1,446.58,USD,Mobile Money,29/01/2026
2652,219,23,5,265.96,USD,Bank Transfer,04/01/2025
2653,3354,22,2,325.95,USD,Mobile Money,20/10/2025
2654,4492,18,3,350.16,USD,Mobile Money,14/06/2026
2655,1297,16,4,440.1,USD,Mobile Money,18/08/2024
2656,4786,22,4,275.49,USD,Bank Transfer,18/07/2025
2657,4781,21,3,84.4,USD,Mobile Money,01/06/2025
2658,1226,7,5,84.63,USD,Cash,18/01/2026
2659,1536,17,3,171.35,USD,Bank Transfer,13/02/2026
2660,1367,29,2,204,USD,Mobile Money,05/01/2025
2661,2290,17,1,97.74,USD,Mobile Money,28/07/2025
2662,998,24,2,91.57,USD,Bank Transfer,25/06/2025
2663,3114,13,5,384.52,USD,Voucher,17/07/2025
2664,2379,26,5,435.43,USD,Voucher,13/10/2025
2665,1240,11,2,390.74,USD,Cash,04/12/2024
2666,2866,23,2,342.22,USD,Bank Transfer,05/12/2024
2667,1687,1,3,289.39,USD,Bank Transfer,14/07/2026
2668,3075,17,1,283.66,USD,Mobile Money,22/03/2025
2669,454,12,5,20.81,USD,Cash,23/02/2026
2670,30,16,2,418.77,USD,Mobile Money,14/03/2025
2671,1005,23,5,171.98,USD,Mobile Money,03/10/2024
2672,3125,12,1,497.26,USD,Voucher,29/10/2024
2673,3916,21,5,156.94,USD,Mobile Money,20/08/2024
2674,4093,12,4,54.22,USD,Mobile Money,03/01/2025
2675,3047,16,5,456.86,USD,Bank Transfer,25/08/2024
2676,615,3,3,32.37,USD,Cash,04/03/2026
2677,4015,21,2,284.77,USD,Voucher,01/01/2025
2678,2728,29,1,207.3,USD,Cash,12/06/2025
2679,3147,25,3,333.24,USD,Mobile Money,23/08/2025
2680,3574,15,2,152.85,USD,Bank Transfer,10/11/2025
2681,3452,24,2,468.67,USD,Voucher,02/06/2026
2682,3309,5,2,165.64,USD,Voucher,09/04/2025
2683,3168,9,1,408.19,USD,Voucher,04/10/2025
2684,3759,13,5,270.48,USD,Voucher,23/01/2025
2685,571,26,3,348.78,USD,Mobile Money,07/08/2025
2686,2839,23,2,216.57,USD,Bank Transfer,20/09/2024
2687,94,20,2,321.7,USD,Voucher,09/05/2025
2688,3881,17,5,219.7,USD,Mobile Money,14/03/2025
2689,3746,4,4,85.67,USD,Mobile Money,01/04/2025
2690,4968,21,5,172.51,USD,Bank Transfer,27/12/2025
2691,1265,17,4,448.44,USD,Voucher,29/08/2025
2692,3922,17,2,329,USD,Bank Transfer,23/11/2024
2693,421,16,3,120.99,USD,Voucher,04/03/2025
2694,231,24,2,460.35,USD,Bank Transfer,07/08/2024
2695,3137,28,2,28.2,USD,Voucher,13/04/2026
2696,1383,27,5,90.27,USD,Cash,14/02/2026
2697,3390,4,3,117.35,USD,Mobile Money,06/04/2026
2698,4576,12,3,199.93,USD,Mobile Money,13/01/2025
2699,4551,1,1,231.88,USD,Mobile Money,19/02/2025
2700,2931,26,3,433.97,USD,Mobile Money,23/10/2025
2701,2552,21,5,219.21,USD,Cash,16/10/2025
2702,4068,9,4,225.39,USD,Mobile Money,19/08/2025
2703,60,7,2,310.98,USD,Voucher,16/09/2024
2704,3994,2,2,102.84,USD,Voucher,20/04/2025
2705,2771,7,4,324.99,USD,Bank Transfer,11/03/2026
2706,111,25,5,412.31,USD,Cash,29/09/2025
2707,3758,12,3,58.26,USD,Mobile Money,17/12/2024
2708,4082,5,3,205.62,USD,Bank Transfer,28/03/2025
2709,2737,11,1,199.9,USD,Cash,23/07/2024
2710,3863,1,5,456.61,USD,Cash,29/05/2026
2711,159,5,2,260.88,USD,Mobile Money,27/12/2025
2712,4416,21,3,484.68,USD,Mobile Money,02/07/2025
2713,2385,15,2,50.48,USD,Cash,27/04/2026
2714,2165,20,5,40.77,USD,Bank Transfer,07/04/2025
2715,2574,22,4,50.95,USD,Mobile Money,08/04/2025
2716,3416,26,2,53.27,USD,Voucher,28/01/2026
2717,4948,28,4,451.8,USD,Bank Transfer,02/09/2024
2718,3192,3,3,297.69,USD,Bank Transfer,07/12/2024
2719,2065,11,5,469.49,USD,Voucher,07/07/2026
2720,1040,9,3,267.49,USD,Bank Transfer,27/09/2025
2721,3080,25,1,72.76,USD,Voucher,26/02/2025
2722,1151,25,3,377.65,USD,Mobile Money,13/04/2026
2723,2969,22,4,433.9,USD,Mobile Money,27/05/2026
2724,1941,14,4,204.54,USD,Voucher,09/07/2026
2725,4504,5,1,340.24,USD,Mobile Money,01/05/2026
2726,3284,19,3,252.81,USD,Cash,04/03/2025
2727,1289,9,1,46.2,USD,Mobile Money,25/01/2026
2728,4716,3,3,104.98,USD,Mobile Money,29/08/2025
2729,968,20,1,416.48,USD,Voucher,27/07/2025
2730,4359,14,3,447.41,USD,Mobile Money,08/04/2025
2731,117,2,5,344.22,USD,Mobile Money,21/12/2024
2732,2217,18,1,80.17,USD,Bank Transfer,24/07/2025
2733,4980,3,2,374.93,USD,Mobile Money,28/01/2025
2734,2708,10,4,369.7,USD,Bank Transfer,23/04/2026
2735,944,22,3,489.69,USD,Bank Transfer,06/02/2026
2736,4125,23,1,399.69,USD,Voucher,11/11/2024
2737,4381,13,5,94.12,USD,Voucher,01/04/2025
2738,4220,3,3,221.91,USD,Voucher,25/07/2024
2739,4224,4,3,283.14,USD,Mobile Money,18/02/2025
2740,822,1,3,41.46,USD,Mobile Money,26/03/2026
2741,4209,3,2,156.55,USD,Mobile Money,06/03/2026
2742,4918,16,5,204.76,USD,Cash,23/09/2024
2743,4183,14,3,208,USD,Mobile Money,15/12/2025
2744,889,18,1,232.58,USD,Voucher,30/05/2026
2745,1229,27,3,266.49,USD,Bank Transfer,20/12/2025
2746,718,16,2,45.08,USD,Cash,10/08/2024
2747,2741,14,5,367.85,USD,Bank Transfer,25/12/2024
2748,2474,2,2,84.46,USD,Bank Transfer,18/03/2025
2749,631,15,2,320.43,USD,Voucher,10/12/2025
2750,977,8,2,336.39,USD,Voucher,29/11/2024
2751,645,9,4,310.48,USD,Mobile Money,14/09/2024
2752,2234,21,3,138.9,USD,Mobile Money,16/01/2025
2753,4346,22,4,123.67,USD,Bank Transfer,24/09/2024
2754,3569,29,3,98.15,USD,Mobile Money,16/10/2024
2755,574,12,4,207.65,USD,Cash,28/05/2026
2756,1953,13,1,158.06,USD,Cash,10/10/2024
2757,3214,10,2,473.66,USD,Mobile Money,31/10/2024
2758,2450,5,4,349.63,USD,Bank Transfer,21/10/2025
2759,860,28,3,270.86,USD,Bank Transfer,27/09/2024
2760,1233,17,3,347.1,USD,Cash,20/04/2026
2761,2382,7,2,78.33,USD,Bank Transfer,28/09/2025
2762,2564,4,2,64.05,USD,Mobile Money,10/07/2026
2763,1000,21,5,384.5,USD,Bank Transfer,24/04/2026
2764,664,25,3,284.7,USD,Voucher,14/01/2025
2765,1254,26,3,366.15,USD,Mobile Money,23/02/2025
2766,3106,14,2,321.63,USD,Cash,24/03/2026
2767,2246,12,3,47.06,USD,Cash,15/08/2025
2768,1389,8,4,127.55,USD,Cash,22/04/2026
2769,808,20,4,469.82,USD,Cash,01/02/2026
2770,273,23,1,246.41,USD,Cash,14/11/2025
2771,4842,25,1,357.75,USD,Bank Transfer,31/03/2026
2772,3050,13,4,200.84,USD,Mobile Money,24/07/2024
2773,1423,20,2,238.86,USD,Bank Transfer,26/07/2025
2774,4515,17,4,83.94,USD,Cash,25/06/2025
2775,4903,22,4,207.52,USD,Voucher,08/08/2024
2776,2488,2,3,425.67,USD,Mobile Money,22/05/2026
2777,315,14,4,281.74,USD,Cash,07/09/2025
2778,1080,28,4,188.38,USD,Bank Transfer,02/04/2026
2779,1192,11,4,433.29,USD,Bank Transfer,17/09/2025
2780,862,9,2,190.04,USD,Voucher,02/10/2024
2781,1833,1,5,466.11,USD,Mobile Money,22/08/2024
2782,1740,8,5,409.37,USD,Voucher,14/01/2025
2783,2330,30,5,447.11,USD,Bank Transfer,01/08/2025
2784,3919,24,1,371.87,USD,Mobile Money,26/05/2026
2785,2553,22,2,52.17,USD,Voucher,29/08/2025
2786,3154,15,2,492.78,USD,Voucher,17/07/2026
2787,1753,15,5,69.96,USD,Bank Transfer,16/06/2025
2788,1464,22,4,329.23,USD,Voucher,03/01/2025
2789,975,8,4,444.6,USD,Bank Transfer,08/12/2025
2790,724,25,4,152.87,USD,Mobile Money,17/06/2025
2791,3951,13,4,316.61,USD,Cash,12/02/2025
2792,583,12,5,440.68,USD,Cash,16/03/2026
2793,3344,26,2,478.61,USD,Voucher,15/04/2026
2794,1917,25,3,476.25,USD,Bank Transfer,28/04/2026
2795,1569,22,1,222.05,USD,Bank Transfer,11/05/2025
2796,4311,2,1,99.72,USD,Mobile Money,03/06/2026
2797,4105,5,5,283.68,USD,Mobile Money,03/03/2026
2798,2967,14,5,157.72,USD,Cash,14/03/2026
2799,4892,7,1,302.62,USD,Voucher,10/04/2026
2800,3621,16,5,21.44,USD,Cash,04/12/2024
2801,4775,8,4,69.14,USD,Bank Transfer,07/04/2026
2802,630,16,2,405.99,USD,Bank Transfer,03/08/2025
2803,3643,6,5,241.58,USD,Mobile Money,10/03/2026
2804,1577,11,2,401.17,USD,Bank Transfer,16/01/2026
2805,1854,18,4,244.61,USD,Bank Transfer,07/02/2025
2806,1962,28,2,469.33,USD,Mobile Money,25/03/2026
2807,1142,20,2,111.23,USD,Mobile Money,25/08/2024
2808,494,3,3,176.9,USD,Mobile Money,19/07/2024
2809,3073,21,4,490.08,USD,Bank Transfer,06/08/2025
2810,4303,2,4,245.22,USD,Voucher,03/06/2026
2811,3184,23,1,365.4,USD,Bank Transfer,24/05/2025
2812,2934,29,4,275.4,USD,Voucher,29/07/2024
2813,3045,22,3,55.26,USD,Cash,18/08/2024
2814,1950,21,1,418.74,USD,Mobile Money,17/09/2025
2815,967,21,5,292.27,USD,Voucher,02/08/2024
2816,1022,20,4,204.61,USD,Bank Transfer,02/12/2024
2817,548,23,1,268.7,USD,Voucher,25/02/2026
2818,1809,22,5,396.74,USD,Bank Transfer,04/01/2026
2819,538,27,4,82.87,USD,Mobile Money,03/07/2026
2820,109,1,2,133.79,USD,Mobile Money,09/06/2026
2821,2629,10,4,228.61,USD,Mobile Money,26/01/2025
2822,3753,28,2,159.76,USD,Voucher,04/04/2026
2823,2071,3,3,36.36,USD,Voucher,11/09/2024
2824,2061,23,4,275.05,USD,Mobile Money,14/10/2024
2825,2684,9,2,360.86,USD,Mobile Money,16/08/2025
2826,2540,12,3,224.93,USD,Mobile Money,10/05/2025
2827,492,8,4,399.31,USD,Mobile Money,15/05/2026
2828,2962,20,1,60.64,USD,Voucher,19/07/2025
2829,2333,22,2,75.66,USD,Cash,29/04/2026
2830,3021,9,1,226.73,USD,Cash,11/03/2026
2831,1290,18,2,462.68,USD,Bank Transfer,08/10/2025
2832,1243,1,4,58.82,USD,Cash,18/02/2026
2833,3935,4,2,413.96,USD,Bank Transfer,19/07/2026
2834,3928,9,2,117.62,USD,Bank Transfer,05/02/2025
2835,341,15,4,91.95,USD,Bank Transfer,22/11/2024
2836,3824,30,1,351.12,USD,Voucher,02/04/2026
2837,1773,24,1,452.63,USD,Cash,08/06/2025
2838,577,24,5,410.42,USD,Voucher,14/08/2025
2839,614,13,3,188.28,USD,Bank Transfer,22/05/2025
2840,1101,14,5,283.31,USD,Voucher,18/09/2025
2841,150,22,5,175.35,USD,Voucher,21/02/2025
2842,2032,28,2,302.5,USD,Bank Transfer,04/08/2025
2843,3666,10,5,361.27,USD,Voucher,28/02/2026
2844,251,20,3,356.78,USD,Bank Transfer,16/01/2025
2845,4868,25,3,210.65,USD,Voucher,22/01/2025
2846,1223,21,2,102.31,USD,Bank Transfer,27/07/2024
2847,1686,18,4,240.66,USD,Cash,27/04/2026
2848,371,14,1,107.76,USD,Cash,21/09/2024
2849,1042,2,4,225.94,USD,Cash,01/10/2024
2850,1452,22,1,270.19,USD,Cash,14/01/2026
2851,3529,2,4,406.28,USD,Mobile Money,27/04/2026
2852,5000,19,5,88.02,USD,Mobile Money,18/02/2025
2853,849,5,1,132.93,USD,Voucher,09/02/2026
2854,4215,21,3,426.76,USD,Voucher,28/05/2025
2855,3144,15,5,407.9,USD,Voucher,27/04/2026
2856,563,18,1,176.26,USD,Voucher,04/07/2025
2857,2988,16,2,94.27,USD,Voucher,04/05/2026
2858,1546,30,3,64.9,USD,Cash,05/08/2024
2859,4412,6,1,235.09,USD,Cash,03/02/2026
2860,2829,22,3,357.08,USD,Bank Transfer,04/03/2025
2861,116,23,1,132.87,USD,Mobile Money,19/07/2024
2862,1849,14,4,100.95,USD,Mobile Money,14/06/2026
2863,335,9,3,189.23,USD,Mobile Money,02/05/2025
2864,3635,8,4,497.83,USD,Cash,30/05/2026
2865,1549,7,5,321.29,USD,Voucher,12/05/2026
2866,2999,27,3,155.2,USD,Voucher,10/05/2026
2867,2208,2,1,394.91,USD,Mobile Money,09/10/2025
2868,3681,10,5,91.71,USD,Cash,30/03/2025
2869,1377,23,1,187.73,USD,Cash,01/05/2025
2870,399,5,5,295.7,USD,Mobile Money,22/11/2025
2871,934,6,3,97.15,USD,Cash,03/01/2025
2872,4664,15,3,97.11,USD,Voucher,02/07/2026
2873,3200,23,1,346,USD,Voucher,17/05/2025
2874,3308,28,4,320.93,USD,Voucher,19/07/2025
2875,4317,10,1,42.09,USD,Mobile Money,17/02/2025
2876,4733,29,1,462.26,USD,Mobile Money,06/02/2026
2877,4174,6,1,25.99,USD,Voucher,29/01/2026
2878,4621,26,5,55.72,USD,Mobile Money,05/07/2026
2879,345,1,2,404.34,USD,Cash,25/08/2025
2880,963,23,1,348.15,USD,Mobile Money,29/10/2024
2881,2021,9,1,342.87,USD,Bank Transfer,10/06/2026
2882,4029,19,3,322.42,USD,Voucher,09/06/2025
2883,868,16,3,145.85,USD,Voucher,01/05/2025
2884,1163,1,1,468.28,USD,Voucher,16/03/2025
2885,3245,30,2,380.52,USD,Cash,11/08/2025
2886,1114,3,2,453.14,USD,Voucher,02/04/2026
2887,4649,13,4,309.68,USD,Voucher,15/08/2025
2888,4745,24,4,188.98,USD,Cash,17/04/2026
2889,4335,14,3,159.38,USD,Cash,16/01/2025
2890,265,10,4,304.16,USD,Cash,13/01/2025
2891,1550,11,5,60.46,USD,Voucher,24/04/2025
2892,2112,17,3,213.25,USD,Bank Transfer,12/07/2025
2893,1286,25,5,212.33,USD,Bank Transfer,12/09/2024
2894,2790,14,5,340.61,USD,Voucher,01/11/2025
2895,420,10,1,171.65,USD,Voucher,22/04/2025
2896,4716,29,5,31.55,USD,Cash,17/04/2026
2897,2811,14,2,170.26,USD,Bank Transfer,11/10/2025
2898,1812,18,2,481.07,USD,Mobile Money,07/05/2026
2899,4647,24,2,381.45,USD,Cash,14/08/2025
2900,4384,2,1,185.42,USD,Bank Transfer,18/07/2025
2901,37,26,2,297.96,USD,Mobile Money,25/01/2026
2902,1032,25,1,206.09,USD,Voucher,15/01/2026
2903,4781,26,3,370.84,USD,Mobile Money,13/05/2026
2904,2461,8,5,389.43,USD,Mobile Money,12/06/2025
2905,4415,23,2,437,USD,Mobile Money,15/01/2025
2906,382,17,2,116.9,USD,Voucher,07/06/2026
2907,4841,19,1,340.32,USD,Mobile Money,03/03/2025
2908,3993,6,4,316.97,USD,Mobile Money,07/09/2024
2909,1357,16,2,102.48,USD,Mobile Money,26/11/2024
2910,4099,2,1,138.89,USD,Mobile Money,22/11/2024
2911,3489,16,1,422.63,USD,Voucher,17/06/2025
2912,105,21,3,454.36,USD,Cash,22/03/2025
2913,5,27,4,357.95,USD,Cash,17/02/2026
2914,2592,20,4,232.47,USD,Bank Transfer,17/04/2025
2915,832,20,5,55.45,USD,Voucher,22/11/2024
2916,4467,25,2,213.81,USD,Mobile Money,17/06/2025
2917,929,20,2,473.51,USD,Mobile Money,21/01/2025
2918,4916,14,5,319.28,USD,Bank Transfer,20/12/2024
2919,2195,23,4,106.7,USD,Voucher,01/10/2024
2920,2605,7,1,60.05,USD,Cash,05/02/2026
2921,4468,16,3,296.58,USD,Voucher,20/05/2026
2922,4642,13,3,127.45,USD,Cash,27/10/2024
2923,753,22,1,139.82,USD,Voucher,03/05/2025
2924,2569,28,4,238.4,USD,Cash,17/02/2026
2925,1228,19,2,295.7,USD,Mobile Money,29/11/2024
2926,1568,3,3,288.25,USD,Bank Transfer,04/03/2026
2927,22,12,2,49.27,USD,Cash,25/04/2025
2928,2150,15,4,225.56,USD,Cash,28/10/2025
2929,4013,13,2,254.19,USD,Bank Transfer,01/02/2025
2930,1251,18,1,116.78,USD,Cash,19/04/2025
2931,1369,15,1,229.27,USD,Voucher,29/04/2025
2932,1819,19,1,278.97,USD,Voucher,23/10/2024
2933,1861,13,3,45.57,USD,Cash,29/07/2025
2934,4660,28,3,281.08,USD,Bank Transfer,14/04/2026
2935,3646,25,5,150.81,USD,Voucher,04/08/2024
2936,3336,6,3,183.67,USD,Cash,20/12/2025
2937,912,17,5,64.93,USD,Voucher,02/11/2024
2938,104,7,5,442.67,USD,Cash,13/07/2025
2939,2050,22,1,179.59,USD,Bank Transfer,05/02/2026
2940,4328,11,3,461.31,USD,Voucher,10/09/2024
2941,237,13,3,387.2,USD,Mobile Money,14/11/2025
2942,2074,28,2,238.5,USD,Bank Transfer,21/05/2025
2943,4818,22,2,422.99,USD,Mobile Money,02/07/2026
2944,2456,3,1,395.35,USD,Cash,23/06/2026
2945,709,25,2,421.39,USD,Bank Transfer,11/03/2026
2946,2633,6,4,303.33,USD,Cash,23/11/2025
2947,2169,27,1,379.06,USD,Bank Transfer,17/11/2025
2948,761,25,5,106.51,USD,Voucher,01/05/2026
2949,876,9,3,455.65,USD,Cash,26/06/2026
2950,1221,14,4,382.45,USD,Mobile Money,18/07/2025
2951,2363,15,3,486.69,USD,Cash,05/06/2025
2952,1561,11,5,477.68,USD,Cash,08/12/2025
2953,478,1,5,349.27,USD,Mobile Money,25/02/2026
2954,2304,6,5,457.06,USD,Mobile Money,10/05/2025
2955,914,11,4,481.95,USD,Bank Transfer,13/07/2026
2956,1528,12,2,422.32,USD,Bank Transfer,15/07/2026
2957,1539,3,4,88.98,USD,Mobile Money,20/01/2026
2958,1533,5,5,109.21,USD,Cash,24/07/2024
2959,1897,3,1,47.28,USD,Voucher,06/12/2025
2960,2543,15,3,388.43,USD,Bank Transfer,05/03/2026
2961,4679,9,2,422.95,USD,Voucher,18/03/2025
2962,3776,21,2,248.22,USD,Bank Transfer,16/10/2024
2963,2955,18,3,85.39,USD,Cash,08/02/2025
2964,543,27,1,106.44,USD,Cash,17/04/2026
2965,943,16,1,199.74,USD,Mobile Money,16/12/2024
2966,4290,2,1,467.35,USD,Cash,01/07/2026
2967,4803,20,2,239.26,USD,Cash,04/09/2024
2968,2098,17,5,21.87,USD,Mobile Money,10/03/2026
2969,2084,25,1,55.18,USD,Voucher,18/02/2025
2970,917,14,5,357.3,USD,Bank Transfer,20/11/2024
2971,2995,30,3,461.52,USD,Bank Transfer,08/12/2024
2972,4488,17,4,437.87,USD,Bank Transfer,24/08/2025
2973,2818,29,1,118.35,USD,Bank Transfer,24/05/2026
2974,2953,9,3,300.21,USD,Cash,28/10/2025
2975,4267,16,2,81.66,USD,Voucher,04/10/2024
2976,1116,1,1,57.39,USD,Mobile Money,25/06/2025
2977,1616,23,1,466.99,USD,Cash,23/09/2024
2978,1089,27,2,336.6,USD,Mobile Money,18/07/2025
2979,2829,23,3,212.7,USD,Bank Transfer,04/11/2025
2980,1274,23,2,496.2,USD,Mobile Money,06/09/2024
2981,1941,30,3,317.68,USD,Cash,13/12/2024
2982,1258,27,4,167.84,USD,Mobile Money,08/09/2024
2983,2685,3,3,185.06,USD,Mobile Money,24/06/2025
2984,287,24,5,383.01,USD,Mobile Money,23/05/2026
2985,3677,3,5,313.13,USD,Bank Transfer,17/11/2024
2986,1873,28,5,362.34,USD,Mobile Money,28/04/2026
2987,3722,17,3,415.81,USD,Bank Transfer,10/06/2025
2988,2079,26,5,432.42,USD,Cash,15/08/2024
2989,1288,28,1,279.29,USD,Bank Transfer,12/08/2025
2990,1489,19,4,258.94,USD,Mobile Money,10/12/2024
2991,2974,22,1,402.99,USD,Bank Transfer,27/03/2025
2992,3571,12,1,37.24,USD,Voucher,08/06/2025
2993,4399,16,5,432.44,USD,Mobile Money,02/05/2026
2994,2515,17,1,418.45,USD,Bank Transfer,04/02/2025
2995,3027,24,1,279.21,USD,Bank Transfer,15/12/2025
2996,2991,17,4,138.94,USD,Cash,24/04/2026
2997,970,16,3,108.19,USD,Mobile Money,03/06/2026
2998,3927,2,1,158.39,USD,Cash,30/10/2024
2999,3119,1,1,292.39,USD,Bank Transfer,04/02/2025
3000,568,24,1,177.89,USD,Cash,01/05/2026
3001,549,18,2,99.6,USD,Bank Transfer,19/10/2025
3002,2079,5,1,274.58,USD,Voucher,01/07/2026
3003,605,19,1,118.29,USD,Voucher,29/09/2025
3004,2245,5,4,240.11,USD,Mobile Money,26/01/2025
3005,21,27,1,227.93,USD,Cash,17/09/2025
3006,2219,9,3,209.33,USD,Mobile Money,27/07/2025
3007,322,26,2,438.95,USD,Bank Transfer,20/05/2026
3008,2922,30,1,323.03,USD,Bank Transfer,01/06/2025
3009,3977,2,5,404.97,USD,Mobile Money,13/06/2026
3010,3449,4,4,243.16,USD,Mobile Money,03/01/2026
3011,2511,9,5,243.21,USD,Voucher,08/12/2024
3012,1977,19,4,89.36,USD,Voucher,20/04/2026
3013,1131,8,5,96.56,USD,Cash,15/06/2026
3014,2182,5,4,26.12,USD,Mobile Money,12/11/2025
3015,3485,12,1,153.67,USD,Bank Transfer,07/08/2024
3016,975,24,1,107.94,USD,Bank Transfer,29/10/2025
3017,3474,25,2,59.7,USD,Voucher,26/02/2025
3018,1586,15,1,121.82,USD,Mobile Money,01/12/2024
3019,1679,21,2,156.35,USD,Mobile Money,26/03/2026
3020,2286,24,2,22.97,USD,Cash,31/03/2026
3021,3460,15,5,481.14,USD,Cash,01/02/2026
3022,2648,20,3,82.69,USD,Voucher,20/06/2025
3023,4324,16,1,301.15,USD,Mobile Money,08/10/2025
3024,4586,7,5,120.96,USD,Mobile Money,03/05/2025
3025,2279,29,5,89.07,USD,Cash,14/07/2025
3026,1966,4,3,250.36,USD,Bank Transfer,13/10/2025
3027,4280,8,5,139.34,USD,Bank Transfer,03/12/2025
3028,1511,17,5,343.56,USD,Cash,23/12/2025
3029,4915,29,4,468.67,USD,Bank Transfer,02/10/2025
3030,490,1,2,285.47,USD,Mobile Money,13/04/2026
3031,741,6,5,434.63,USD,Voucher,26/07/2024
3032,1381,9,2,83.58,USD,Cash,25/10/2025
3033,1392,9,3,215.71,USD,Cash,02/03/2026
3034,1032,1,4,218.51,USD,Mobile Money,01/01/2026
3035,2129,21,3,52.51,USD,Mobile Money,03/11/2025
3036,1290,10,5,425.93,USD,Cash,22/04/2026
3037,4735,30,2,300.78,USD,Voucher,14/02/2026
3038,3291,23,1,114.19,USD,Cash,12/05/2025
3039,3013,16,2,497.66,USD,Mobile Money,29/06/2025
3040,609,4,1,86.02,USD,Voucher,24/02/2026
3041,948,8,4,23.83,USD,Mobile Money,20/01/2025
3042,3897,18,1,263.61,USD,Mobile Money,05/12/2025
3043,2863,24,1,363.78,USD,Cash,18/02/2026
3044,3912,18,1,284.68,USD,Bank Transfer,04/06/2026
3045,4745,26,5,295.04,USD,Voucher,05/04/2026
3046,3614,17,2,456.63,USD,Mobile Money,04/10/2025
3047,2342,12,5,408.96,USD,Voucher,08/11/2024
3048,2653,27,4,365.51,USD,Mobile Money,27/03/2025
3049,1382,18,3,53.37,USD,Voucher,03/01/2026
3050,1688,11,1,20.45,USD,Bank Transfer,17/10/2025
3051,3013,16,2,267.97,USD,Mobile Money,11/08/2024
3052,4358,1,3,250.56,USD,Bank Transfer,28/06/2026
3053,3778,26,5,94.34,USD,Mobile Money,19/08/2025
3054,4233,22,3,258.52,USD,Bank Transfer,29/06/2026
3055,3664,9,4,97.76,USD,Bank Transfer,23/03/2025
3056,201,21,5,118.17,USD,Mobile Money,25/09/2025
3057,3159,8,5,442.3,USD,Voucher,16/03/2026
3058,4678,12,5,217.48,USD,Mobile Money,30/03/2025
3059,1871,11,5,104.74,USD,Bank Transfer,12/06/2026
3060,3323,14,1,142.09,USD,Bank Transfer,06/11/2025
3061,2392,26,3,464.28,USD,Bank Transfer,14/04/2025
3062,283,14,2,56.82,USD,Cash,12/12/2024
3063,4750,16,5,179.89,USD,Cash,30/05/2026
3064,3381,30,4,190.01,USD,Mobile Money,01/11/2025
3065,3674,24,2,355.57,USD,Mobile Money,26/07/2024
3066,2134,19,5,425.49,USD,Cash,25/03/2026
3067,1950,17,2,95.32,USD,Mobile Money,23/07/2025
3068,1494,22,1,465.38,USD,Voucher,05/09/2024
3069,1162,10,1,297.44,USD,Voucher,18/09/2025
3070,971,28,2,167.24,USD,Bank Transfer,06/06/2025
3071,4779,9,2,174.59,USD,Bank Transfer,23/07/2025
3072,2978,3,1,195.79,USD,Voucher,04/01/2026
3073,1848,4,4,169.63,USD,Voucher,07/01/2025
3074,136,14,4,217.39,USD,Voucher,12/04/2026
3075,1721,24,4,324.19,USD,Mobile Money,28/11/2024
3076,1624,13,5,419.3,USD,Voucher,05/07/2025
3077,2892,5,2,172.58,USD,Cash,16/09/2024
3078,2143,30,2,302.69,USD,Voucher,22/11/2025
3079,344,26,4,125.24,USD,Voucher,11/08/2025
3080,765,6,1,365.22,USD,Cash,13/12/2025
3081,2853,28,2,329.43,USD,Cash,28/07/2024
3082,3547,9,1,103.56,USD,Bank Transfer,05/03/2026
3083,2753,4,4,22.08,USD,Bank Transfer,06/12/2025
3084,2040,16,1,210.63,USD,Mobile Money,18/06/2026
3085,2869,2,3,69.78,USD,Voucher,24/01/2026
3086,877,22,1,144.46,USD,Voucher,20/10/2025
3087,3426,8,5,479.42,USD,Bank Transfer,08/12/2024
3088,412,18,4,355.07,USD,Bank Transfer,22/01/2025
3089,3731,8,3,418.82,USD,Mobile Money,17/01/2025
3090,656,14,4,456.23,USD,Voucher,09/02/2026
3091,165,22,1,105.28,USD,Bank Transfer,05/05/2025
3092,2145,3,2,490.63,USD,Bank Transfer,18/02/2026
3093,2896,13,2,491.36,USD,Bank Transfer,29/10/2024
3094,621,23,1,150.96,USD,Mobile Money,15/01/2025
3095,369,5,1,358.72,USD,Voucher,30/07/2024
3096,1762,30,2,385.42,USD,Bank Transfer,02/03/2026
3097,2430,13,2,86.56,USD,Bank Transfer,11/04/2026
3098,2352,1,2,49.93,USD,Voucher,20/03/2025
3099,4011,25,5,151.01,USD,Mobile Money,19/07/2026
3100,1669,23,4,50.98,USD,Voucher,05/04/2026
3101,2450,7,1,127.93,USD,Mobile Money,23/09/2024
3102,1427,26,4,166.11,USD,Bank Transfer,18/07/2026
3103,4756,11,1,333.11,USD,Mobile Money,25/04/2026
3104,4984,13,2,397.5,USD,Bank Transfer,14/09/2024
3105,3276,20,5,352.43,USD,Cash,09/08/2025
3106,26,12,4,152.73,USD,Mobile Money,21/09/2025
3107,1686,25,3,322.87,USD,Mobile Money,22/08/2024
3108,2645,4,4,292.54,USD,Voucher,29/03/2025
3109,248,17,3,95.76,USD,Mobile Money,16/09/2025
3110,2113,18,5,167.49,USD,Cash,29/12/2024
3111,1415,3,5,336.23,USD,Bank Transfer,17/09/2024
3112,2915,27,3,287.99,USD,Bank Transfer,04/05/2026
3113,369,11,4,91.34,USD,Cash,16/01/2025
3114,4804,14,5,119.91,USD,Voucher,17/10/2024
3115,3114,26,4,22.46,USD,Voucher,18/02/2026
3116,347,24,1,279.92,USD,Mobile Money,28/01/2025
3117,2805,13,4,107.62,USD,Voucher,20/10/2024
3118,2067,17,2,248.84,USD,Voucher,03/09/2024
3119,211,30,5,91.19,USD,Voucher,12/11/2025
3120,2998,12,5,277.49,USD,Voucher,23/09/2024
3121,1435,4,3,25.73,USD,Voucher,23/06/2025
3122,3385,4,2,228.96,USD,Cash,23/10/2025
3123,3203,29,4,126.76,USD,Voucher,21/04/2025
3124,749,27,3,461.83,USD,Mobile Money,26/04/2026
3125,1494,22,2,318.25,USD,Bank Transfer,12/08/2025
3126,4764,26,1,432.24,USD,Mobile Money,16/09/2025
3127,4294,11,2,30.69,USD,Voucher,29/11/2024
3128,1551,6,1,115.27,USD,Bank Transfer,10/06/2026
3129,170,22,2,314.19,USD,Mobile Money,26/08/2024
3130,3719,9,2,151.18,USD,Bank Transfer,28/11/2024
3131,2330,25,2,487.81,USD,Voucher,29/12/2025
3132,4167,6,1,243.07,USD,Cash,29/01/2026
3133,746,27,3,413.68,USD,Mobile Money,09/04/2025
3134,1896,16,5,305.36,USD,Mobile Money,11/08/2024
3135,4053,23,3,124.68,USD,Bank Transfer,24/10/2024
3136,992,1,3,399.18,USD,Bank Transfer,04/08/2024
3137,1113,17,5,290.4,USD,Cash,12/12/2024
3138,1162,18,3,157.3,USD,Mobile Money,22/09/2024
3139,3061,30,3,302.24,USD,Cash,19/12/2024
3140,4501,30,1,238.54,USD,Cash,17/05/2026
3141,4264,3,2,425.81,USD,Mobile Money,24/03/2026
3142,851,17,2,403.8,USD,Mobile Money,14/06/2026
3143,4891,24,1,372.04,USD,Voucher,26/05/2025
3144,2697,16,1,420.31,USD,Voucher,11/09/2025
3145,1080,7,2,483.33,USD,Bank Transfer,24/07/2024
3146,4798,12,2,468.63,USD,Bank Transfer,11/05/2026
3147,1423,23,4,350.96,USD,Mobile Money,08/10/2025
3148,3691,7,5,144.42,USD,Bank Transfer,07/03/2026
3149,1743,27,2,257.14,USD,Voucher,23/08/2025
3150,3202,10,4,99.62,USD,Mobile Money,27/11/2024
3151,3818,25,5,241.38,USD,Bank Transfer,08/03/2026
3152,129,10,2,258.39,USD,Voucher,04/03/2026
3153,807,16,5,332.57,USD,Cash,16/02/2025
3154,2614,26,4,344.48,USD,Cash,17/10/2024
3155,1508,2,3,356.86,USD,Voucher,14/10/2024
3156,2016,25,1,383.82,USD,Cash,24/11/2025
3157,1085,1,2,110.99,USD,Voucher,03/02/2025
3158,3694,23,3,79.2,USD,Bank Transfer,23/04/2025
3159,4394,28,4,256.23,USD,Bank Transfer,20/06/2026
3160,803,4,5,336.87,USD,Mobile Money,26/09/2024
3161,2010,11,3,354.89,USD,Mobile Money,10/05/2026
3162,2652,13,2,493.34,USD,Bank Transfer,11/03/2025
3163,2259,2,3,259.1,USD,Mobile Money,16/05/2026
3164,4768,1,2,298.9,USD,Voucher,25/04/2026
3165,3809,14,4,428.18,USD,Bank Transfer,23/08/2024
3166,1863,25,3,450.78,USD,Voucher,11/07/2026
3167,440,13,3,194.33,USD,Mobile Money,28/12/2024
3168,116,30,1,164.13,USD,Mobile Money,27/05/2026
3169,3739,28,3,265.77,USD,Bank Transfer,18/08/2025
3170,4021,8,3,477.89,USD,Voucher,05/05/2026
3171,3770,6,2,349.6,USD,Voucher,31/03/2025
3172,432,26,1,86.19,USD,Cash,06/03/2025
3173,374,22,4,283.58,USD,Mobile Money,04/08/2024
3174,2451,10,5,61.9,USD,Cash,28/06/2026
3175,4769,23,5,316.06,USD,Bank Transfer,27/08/2025
3176,10,16,1,112.29,USD,Bank Transfer,20/12/2024
3177,3381,29,1,210.16,USD,Cash,15/01/2026
3178,3736,10,2,322.25,USD,Mobile Money,11/08/2025
3179,4201,6,4,364.49,USD,Voucher,14/09/2025
3180,4571,5,4,345.82,USD,Voucher,04/08/2025
3181,4164,12,3,268.03,USD,Cash,17/05/2025
3182,2326,24,5,130.38,USD,Bank Transfer,06/10/2025
3183,1640,7,2,229.59,USD,Voucher,03/03/2026
3184,1578,7,1,452.97,USD,Bank Transfer,03/08/2024
3185,1828,23,1,267.32,USD,Voucher,07/06/2025
3186,4645,3,1,277.79,USD,Bank Transfer,24/11/2025
3187,3811,24,4,385.97,USD,Voucher,12/09/2024
3188,2698,26,4,109.59,USD,Mobile Money,03/06/2025
3189,4085,9,2,313.84,USD,Cash,12/11/2024
3190,4653,8,3,131.88,USD,Bank Transfer,17/10/2025
3191,2541,15,3,428.19,USD,Voucher,08/10/2024
3192,613,22,2,323.86,USD,Cash,08/04/2025
3193,3927,16,4,353.6,USD,Cash,15/12/2025
3194,248,21,2,420.64,USD,Voucher,01/09/2024
3195,3400,17,5,40.28,USD,Mobile Money,30/12/2025
3196,3376,30,2,428.19,USD,Voucher,21/09/2025
3197,4476,26,3,280.3,USD,Voucher,29/12/2024
3198,2824,6,4,304.42,USD,Mobile Money,09/09/2025
3199,1333,1,2,338.58,USD,Mobile Money,02/07/2025
3200,4205,29,5,312.34,USD,Bank Transfer,04/06/2026
3201,3941,3,1,86.92,USD,Mobile Money,22/07/2025
3202,2840,8,3,26.75,USD,Voucher,05/12/2025
3203,2482,1,3,79.98,USD,Bank Transfer,13/02/2026
3204,1153,17,1,302.26,USD,Mobile Money,02/03/2025
3205,4862,25,3,286.6,USD,Bank Transfer,04/11/2024
3206,3935,30,3,63.45,USD,Bank Transfer,18/05/2026
3207,2230,18,4,212.17,USD,Mobile Money,25/01/2025
3208,240,29,3,458.38,USD,Mobile Money,17/07/2026
3209,3482,6,1,59.21,USD,Bank Transfer,16/03/2026
3210,4745,22,4,438.01,USD,Voucher,13/11/2025
3211,4921,1,1,490.19,USD,Cash,18/11/2024
3212,435,14,5,370.99,USD,Mobile Money,07/09/2025
3213,780,16,5,146.03,USD,Voucher,24/10/2025
3214,1631,29,2,191.2,USD,Mobile Money,14/07/2025
3215,1875,28,4,109.29,USD,Bank Transfer,23/12/2024
3216,318,15,4,91.01,USD,Mobile Money,28/09/2024
3217,3056,24,4,203.41,USD,Voucher,14/12/2024
3218,4721,2,1,458.63,USD,Bank Transfer,03/11/2024
3219,2322,23,4,360.56,USD,Mobile Money,02/05/2025
3220,3744,7,5,392.42,USD,Voucher,23/12/2025
3221,3863,26,2,432.68,USD,Voucher,04/06/2025
3222,3534,23,5,452.8,USD,Bank Transfer,23/09/2024
3223,2552,29,1,494.43,USD,Mobile Money,28/11/2024
3224,3722,17,3,222.92,USD,Voucher,18/11/2025
3225,1392,9,5,103.28,USD,Bank Transfer,14/06/2026
3226,3086,23,1,46.06,USD,Mobile Money,18/11/2024
3227,3818,28,4,103.44,USD,Voucher,03/01/2026
3228,3117,13,5,45.34,USD,Voucher,05/11/2025
3229,4230,24,4,349.37,USD,Voucher,27/12/2024
3230,628,11,5,217.91,USD,Mobile Money,30/05/2026
3231,477,16,1,34.57,USD,Mobile Money,02/10/2024
3232,344,2,2,320.76,USD,Voucher,01/02/2026
3233,1467,17,1,238.61,USD,Bank Transfer,23/07/2025
3234,383,4,1,25.48,USD,Mobile Money,13/07/2026
3235,1851,8,5,261.34,USD,Cash,15/06/2026
3236,2074,18,4,252.05,USD,Voucher,22/06/2025
3237,3262,12,2,381.03,USD,Voucher,05/01/2026
3238,2584,2,5,134.07,USD,Cash,26/10/2025
3239,3846,19,3,249.77,USD,Cash,02/11/2025
3240,1248,1,2,185.22,USD,Mobile Money,03/07/2026
3241,4679,20,1,436.24,USD,Voucher,25/03/2025
3242,2265,6,2,292.47,USD,Mobile Money,08/08/2025
3243,539,9,1,417.68,USD,Cash,29/05/2025
3244,1768,29,3,130.47,USD,Bank Transfer,03/07/2025
3245,3808,29,4,447.6,USD,Bank Transfer,22/11/2025
3246,4093,16,5,54.32,USD,Bank Transfer,30/04/2025
3247,820,15,2,205.98,USD,Cash,26/06/2025
3248,982,15,3,34.87,USD,Voucher,31/07/2025
3249,1301,29,4,337.01,USD,Voucher,26/03/2025
3250,3300,11,1,340.33,USD,Cash,27/12/2025
3251,1828,7,3,31.95,USD,Cash,10/08/2025
3252,1005,9,1,313.95,USD,Mobile Money,05/04/2026
3253,1700,29,5,156.99,USD,Mobile Money,11/06/2026
3254,1882,20,4,140.81,USD,Voucher,12/07/2025
3255,2564,2,4,208.56,USD,Cash,05/01/2026
3256,1640,5,2,494.51,USD,Bank Transfer,30/05/2025
3257,480,21,5,287.5,USD,Bank Transfer,09/11/2024
3258,284,21,4,233.76,USD,Bank Transfer,18/09/2025
3259,36,11,1,385.86,USD,Voucher,09/02/2026
3260,3368,17,2,399.68,USD,Bank Transfer,13/06/2026
3261,3770,21,1,447.22,USD,Bank Transfer,20/03/2025
3262,807,8,4,412.22,USD,Cash,27/11/2025
3263,1658,26,2,179.27,USD,Mobile Money,19/08/2025
3264,3442,10,2,333.7,USD,Voucher,01/03/2026
3265,3249,26,1,224.72,USD,Cash,07/04/2026
3266,3071,29,1,280.88,USD,Voucher,23/12/2024
3267,405,4,5,116.02,USD,Cash,02/09/2025
3268,1531,30,3,390.34,USD,Mobile Money,25/11/2024
3269,4562,8,2,111.8,USD,Mobile Money,25/04/2026
3270,3221,30,5,25.18,USD,Mobile Money,20/04/2025
3271,4105,14,4,70.6,USD,Bank Transfer,12/08/2025
3272,676,3,3,135.51,USD,Bank Transfer,28/11/2024
3273,3278,26,3,28.76,USD,Voucher,09/02/2025
3274,4052,19,5,228.98,USD,Bank Transfer,08/10/2025
3275,91,26,3,399.28,USD,Bank Transfer,17/05/2025
3276,4410,12,4,290.56,USD,Voucher,06/07/2025
3277,1769,11,4,98.06,USD,Voucher,10/11/2025
3278,4867,6,4,332.07,USD,Cash,12/03/2025
3279,1120,14,1,404.01,USD,Voucher,23/03/2025
3280,175,8,2,114.86,USD,Bank Transfer,13/08/2025
3281,200,26,3,293.04,USD,Mobile Money,08/06/2026
3282,3156,6,3,353.14,USD,Mobile Money,06/08/2024
3283,2547,14,3,449.1,USD,Cash,06/07/2025
3284,1213,2,2,447,USD,Mobile Money,03/03/2026
3285,157,1,3,183.47,USD,Bank Transfer,03/02/2026
3286,4488,20,1,244.5,USD,Cash,22/09/2024
3287,1897,14,3,291.55,USD,Cash,04/10/2024
3288,808,26,1,351.74,USD,Cash,19/12/2025
3289,3551,27,1,54.71,USD,Cash,31/05/2026
3290,2572,5,1,61.9,USD,Voucher,04/12/2025
3291,404,10,3,410.6,USD,Bank Transfer,23/09/2025
3292,1658,12,1,480.85,USD,Cash,23/10/2024
3293,1303,19,1,128.45,USD,Voucher,27/03/2025
3294,1750,13,5,104.62,USD,Voucher,29/09/2025
3295,3731,16,2,290.66,USD,Cash,03/01/2026
3296,4114,17,4,56.49,USD,Cash,12/11/2024
3297,2800,15,3,303.27,USD,Mobile Money,21/09/2025
3298,1641,25,2,145.19,USD,Cash,14/05/2025
3299,3675,22,2,424.23,USD,Cash,01/02/2025
3300,1900,2,3,475.71,USD,Mobile Money,18/04/2026
3301,1709,27,4,268.04,USD,Mobile Money,01/04/2026
3302,4804,17,2,79.53,USD,Bank Transfer,13/09/2025
3303,592,7,3,248.66,USD,Cash,01/06/2025
3304,4261,14,2,462.42,USD,Bank Transfer,04/10/2024
3305,3348,21,4,339.9,USD,Voucher,01/08/2025
3306,450,5,3,52.05,USD,Cash,08/07/2026
3307,1734,22,4,326.26,USD,Cash,31/03/2026
3308,133,24,3,442.99,USD,Bank Transfer,19/03/2026
3309,141,8,1,438.48,USD,Voucher,28/06/2026
3310,2253,17,1,321.41,USD,Cash,07/08/2024
3311,2137,2,3,201.6,USD,Voucher,14/10/2024
3312,4711,8,5,256.84,USD,Mobile Money,17/11/2025
3313,427,12,1,176.91,USD,Mobile Money,30/05/2025
3314,3269,5,2,76.91,USD,Voucher,02/05/2026
3315,3903,26,5,250.98,USD,Mobile Money,07/01/2025
3316,390,7,2,51.1,USD,Cash,19/07/2025
3317,199,2,3,62.56,USD,Bank Transfer,31/07/2024
3318,1402,16,2,476.88,USD,Cash,13/06/2025
3319,4544,10,3,495.68,USD,Cash,11/05/2025
3320,4020,20,1,92.41,USD,Bank Transfer,11/11/2025
3321,2217,8,3,274.99,USD,Bank Transfer,23/12/2024
3322,1089,15,2,377.3,USD,Voucher,10/03/2026
3323,245,7,2,39.22,USD,Cash,24/05/2025
3324,3554,15,3,438.51,USD,Cash,09/04/2025
3325,2327,27,3,362.48,USD,Mobile Money,12/01/2026
3326,1879,17,2,415.32,USD,Bank Transfer,07/03/2026
3327,3698,28,4,190.52,USD,Mobile Money,15/06/2026
3328,3403,17,5,281.34,USD,Bank Transfer,03/12/2024
3329,76,5,4,311.8,USD,Cash,08/06/2026
3330,239,1,2,237.79,USD,Mobile Money,12/05/2026
3331,4091,12,4,412.25,USD,Cash,04/03/2025
3332,3800,20,4,274.47,USD,Voucher,15/05/2025
3333,4591,6,1,249.42,USD,Bank Transfer,26/02/2026
3334,3401,28,5,431.14,USD,Cash,19/04/2025
3335,3414,8,5,222.59,USD,Voucher,18/10/2025
3336,3276,6,3,367.58,USD,Cash,16/07/2025
3337,4742,17,4,154.77,USD,Voucher,10/09/2025
3338,3075,27,5,215.48,USD,Cash,22/11/2025
3339,4991,16,5,335.88,USD,Bank Transfer,30/04/2025
3340,1392,29,1,161.14,USD,Voucher,15/08/2024
3341,1706,1,2,282.56,USD,Voucher,26/07/2024
3342,4268,9,3,354.54,USD,Mobile Money,09/03/2025
3343,3,18,1,259.54,USD,Cash,26/03/2025
3344,2437,27,1,195.83,USD,Bank Transfer,11/07/2026
3345,1725,6,5,459.24,USD,Voucher,10/09/2024
3346,617,26,4,124.16,USD,Voucher,19/09/2024
3347,509,26,1,211.92,USD,Mobile Money,25/01/2026
3348,4462,1,3,472.17,USD,Voucher,08/12/2024
3349,3685,11,2,316.82,USD,Mobile Money,07/08/2025
3350,4685,3,1,479.12,USD,Bank Transfer,19/05/2025
3351,2476,24,4,123.27,USD,Voucher,20/04/2025
3352,2894,10,3,220.33,USD,Mobile Money,17/08/2024
3353,3002,9,2,251.48,USD,Mobile Money,10/05/2026
3354,2005,22,2,218.22,USD,Voucher,21/08/2025
3355,4205,3,1,367.42,USD,Bank Transfer,21/01/2026
3356,1557,7,2,68.24,USD,Bank Transfer,26/04/2025
3357,1214,1,2,444.51,USD,Cash,09/07/2026
3358,316,18,2,497.63,USD,Cash,03/10/2024
3359,2383,24,2,167.76,USD,Mobile Money,28/11/2025
3360,1447,27,5,241.08,USD,Cash,12/10/2024
3361,3432,28,2,372.51,USD,Mobile Money,10/07/2026
3362,3561,1,5,286.62,USD,Mobile Money,12/10/2024
3363,3725,20,4,202.58,USD,Mobile Money,22/02/2025
3364,152,30,2,466.76,USD,Bank Transfer,17/10/2024
3365,1577,10,2,286.28,USD,Bank Transfer,30/04/2025
3366,2266,15,3,446.46,USD,Voucher,21/03/2025
3367,1567,6,3,64.13,USD,Mobile Money,27/11/2025
3368,4467,9,3,451.05,USD,Voucher,21/09/2025
3369,2710,19,2,146.79,USD,Cash,25/11/2024
3370,1404,5,2,207.5,USD,Cash,05/01/2025
3371,328,20,1,79.31,USD,Mobile Money,07/10/2025
3372,1053,8,1,392.2,USD,Cash,26/08/2025
3373,2111,16,2,281.46,USD,Cash,22/05/2026
3374,4026,26,4,270.95,USD,Cash,16/01/2026
3375,2266,20,1,34.98,USD,Mobile Money,24/08/2025
3376,2363,6,5,266.06,USD,Cash,20/10/2024
3377,2400,17,1,222.65,USD,Voucher,07/10/2024
3378,4248,2,4,240.39,USD,Bank Transfer,23/02/2025
3379,3097,9,4,343.72,USD,Bank Transfer,05/10/2024
3380,1752,5,3,176.59,USD,Mobile Money,21/01/2026
3381,4837,21,2,491.45,USD,Mobile Money,26/05/2025
3382,4037,16,1,40.61,USD,Voucher,22/05/2026
3383,1370,16,1,334.2,USD,Mobile Money,21/09/2025
3384,530,28,1,369.17,USD,Bank Transfer,05/04/2026
3385,560,11,4,62.65,USD,Bank Transfer,05/10/2024
3386,1791,13,4,478.36,USD,Cash,08/03/2025
3387,1801,26,4,409.12,USD,Bank Transfer,18/05/2026
3388,3428,4,4,304.68,USD,Cash,03/06/2025
3389,3501,17,3,499.62,USD,Voucher,23/08/2024
3390,1665,15,4,40.96,USD,Voucher,26/09/2025
3391,2785,26,2,247.72,USD,Cash,12/10/2024
3392,4900,28,2,170.75,USD,Bank Transfer,10/11/2025
3393,1725,22,1,319.37,USD,Mobile Money,26/11/2024
3394,1288,15,4,381.94,USD,Bank Transfer,27/04/2025
3395,793,25,2,169.48,USD,Mobile Money,02/07/2025
3396,1674,4,5,432.58,USD,Voucher,21/04/2025
3397,2622,3,4,164.33,USD,Cash,15/09/2025
3398,2426,19,1,467.52,USD,Cash,29/05/2025
3399,1025,5,4,231.8,USD,Mobile Money,04/08/2024
3400,2350,2,3,496.78,USD,Voucher,18/06/2026
3401,4189,2,1,85.92,USD,Voucher,22/04/2026
3402,4391,26,2,352.8,USD,Mobile Money,19/05/2026
3403,1187,21,1,283.39,USD,Bank Transfer,23/08/2024
3404,1503,13,3,102.38,USD,Cash,01/02/2026
3405,3261,30,3,362.74,USD,Bank Transfer,24/01/2026
3406,2024,1,2,342.33,USD,Bank Transfer,14/12/2025
3407,1004,30,4,474.27,USD,Cash,21/06/2025
3408,3904,17,3,157.91,USD,Bank Transfer,22/11/2024
3409,3638,30,1,290.77,USD,Bank Transfer,11/06/2025
3410,2372,19,1,162.94,USD,Bank Transfer,20/06/2026
3411,1182,1,2,229.66,USD,Cash,10/06/2026
3412,2984,13,5,119.14,USD,Cash,14/12/2025
3413,3461,17,1,318.58,USD,Mobile Money,25/01/2026
3414,3024,19,3,490.86,USD,Cash,08/07/2025
3415,4552,6,1,271.33,USD,Bank Transfer,29/01/2025
3416,2642,6,3,302.82,USD,Bank Transfer,08/11/2025
3417,4219,16,4,69.47,USD,Voucher,09/12/2025
3418,170,10,4,127.3,USD,Voucher,01/03/2025
3419,2939,27,1,40.75,USD,Voucher,08/04/2026
3420,1979,29,1,235.78,USD,Bank Transfer,22/12/2024
3421,1747,23,4,342.87,USD,Bank Transfer,18/02/2025
3422,1335,8,4,145.1,USD,Voucher,05/11/2024
3423,3682,28,3,210.96,USD,Voucher,08/08/2024
3424,2025,2,2,387.77,USD,Mobile Money,24/11/2024
3425,961,3,5,304.67,USD,Bank Transfer,25/04/2025
3426,4761,17,3,180.51,USD,Voucher,02/06/2025
3427,158,21,5,402.39,USD,Voucher,05/06/2025
3428,3967,27,2,345.04,USD,Mobile Money,27/03/2026
3429,4284,22,4,376.7,USD,Cash,21/02/2026
3430,4768,29,1,434.81,USD,Bank Transfer,19/09/2025
3431,1665,26,3,137.89,USD,Mobile Money,06/01/2025
3432,4651,28,3,138.17,USD,Bank Transfer,28/07/2025
3433,878,5,2,167.58,USD,Mobile Money,20/06/2025
3434,3344,30,2,417.16,USD,Cash,20/04/2025
3435,657,23,4,197.74,USD,Mobile Money,07/04/2025
3436,1252,27,4,163.64,USD,Mobile Money,29/09/2024
3437,736,4,4,48.11,USD,Cash,06/09/2025
3438,1585,22,4,456.74,USD,Voucher,21/12/2025
3439,1964,13,1,278.61,USD,Cash,20/02/2026
3440,499,20,1,331.14,USD,Voucher,07/11/2024
3441,3885,25,2,336.98,USD,Bank Transfer,04/05/2026
3442,1133,5,3,371.14,USD,Voucher,22/02/2025
3443,1163,27,1,85.51,USD,Mobile Money,05/08/2025
3444,4747,30,2,102.63,USD,Cash,25/07/2025
3445,3004,20,4,356.2,USD,Bank Transfer,16/11/2025
3446,2697,30,2,416.86,USD,Voucher,08/07/2025
3447,930,1,4,408.32,USD,Cash,25/02/2025
3448,2808,17,2,310.98,USD,Mobile Money,31/08/2024
3449,41,29,3,134.77,USD,Mobile Money,15/12/2025
3450,2699,16,1,123.82,USD,Bank Transfer,03/06/2026
3451,4403,9,2,332.14,USD,Cash,13/01/2025
3452,2793,6,4,221.87,USD,Bank Transfer,30/09/2024
3453,3593,22,4,64.91,USD,Bank Transfer,05/11/2025
3454,1318,6,2,58.6,USD,Bank Transfer,06/12/2024
3455,879,10,5,278.52,USD,Mobile Money,19/09/2024
3456,591,25,3,138.21,USD,Cash,15/06/2026
3457,788,20,1,94.75,USD,Voucher,12/04/2026
3458,3439,11,3,47.8,USD,Mobile Money,14/03/2025
3459,3741,16,2,146.86,USD,Voucher,09/06/2025
3460,189,28,4,495.11,USD,Bank Transfer,02/02/2026
3461,4130,18,3,251.82,USD,Bank Transfer,05/01/2025
3462,2673,10,2,374.12,USD,Cash,05/10/2025
3463,3864,26,1,52.2,USD,Bank Transfer,29/07/2025
3464,1912,30,2,30.01,USD,Voucher,19/01/2026
3465,2274,30,5,35.8,USD,Cash,17/01/2025
3466,2470,6,3,138.55,USD,Bank Transfer,26/03/2025
3467,948,23,3,392.92,USD,Mobile Money,17/07/2025
3468,1647,19,1,131.76,USD,Bank Transfer,22/03/2025
3469,4641,27,1,479.45,USD,Mobile Money,17/12/2025
3470,1901,10,3,221.48,USD,Cash,09/04/2025
3471,2597,6,2,52.58,USD,Mobile Money,06/01/2026
3472,4072,28,3,432.66,USD,Voucher,02/07/2025
3473,14,4,1,343.51,USD,Bank Transfer,09/01/2026
3474,1904,22,4,41.64,USD,Mobile Money,06/03/2025
3475,3387,28,4,248.04,USD,Mobile Money,11/06/2026
3476,3743,7,5,138.05,USD,Voucher,09/06/2026
3477,2299,13,5,488.56,USD,Cash,12/10/2025
3478,1672,15,4,477.86,USD,Cash,18/07/2025
3479,774,23,3,343.53,USD,Mobile Money,26/07/2025
3480,293,11,5,279.22,USD,Mobile Money,02/09/2024
3481,3732,18,5,219.13,USD,Cash,02/09/2024
3482,76,18,2,41.84,USD,Cash,12/02/2026
3483,3851,21,3,459.45,USD,Bank Transfer,24/04/2026
3484,352,21,3,55.43,USD,Voucher,24/12/2024
3485,3353,12,5,397.31,USD,Mobile Money,31/10/2025
3486,980,28,2,72.74,USD,Bank Transfer,24/09/2025
3487,4149,18,2,79.06,USD,Cash,10/04/2026
3488,419,14,2,40.65,USD,Mobile Money,14/12/2025
3489,2072,24,5,162.29,USD,Mobile Money,15/04/2026
3490,4061,6,2,323.53,USD,Bank Transfer,24/04/2026
3491,302,8,4,428.43,USD,Cash,26/02/2026
3492,4855,2,3,275.9,USD,Voucher,18/10/2025
3493,4541,2,4,241.48,USD,Cash,13/07/2026
3494,1490,10,5,296.03,USD,Bank Transfer,20/03/2026
3495,3805,1,3,373.71,USD,Mobile Money,20/06/2025
3496,1521,20,2,426.92,USD,Mobile Money,10/11/2025
3497,2154,22,4,54.56,USD,Mobile Money,19/01/2026
3498,3017,9,5,127.45,USD,Cash,27/05/2025
3499,1946,27,3,315.34,USD,Voucher,08/02/2025
3500,2166,13,1,148.93,USD,Cash,17/01/2025
3501,44,12,4,274.3,USD,Voucher,12/04/2025
3502,2877,1,5,325.72,USD,Cash,26/12/2025
3503,2366,28,3,301.01,USD,Bank Transfer,08/03/2025
3504,4096,1,1,333.37,USD,Cash,31/01/2026
3505,974,22,3,468.74,USD,Voucher,25/05/2025
3506,2391,19,4,31.91,USD,Cash,22/02/2026
3507,2071,12,3,324.85,USD,Mobile Money,16/08/2025
3508,532,26,5,280.34,USD,Bank Transfer,11/07/2026
3509,289,25,2,164.96,USD,Bank Transfer,18/10/2025
3510,67,19,3,414.02,USD,Bank Transfer,19/07/2025
3511,1076,19,2,372.54,USD,Cash,10/04/2025
3512,2036,13,1,81.23,USD,Bank Transfer,20/04/2026
3513,2030,22,5,43.99,USD,Voucher,23/09/2024
3514,4274,25,3,222.21,USD,Bank Transfer,15/08/2025
3515,2144,30,4,86.47,USD,Cash,18/05/2025
3516,839,19,5,93,USD,Mobile Money,16/12/2024
3517,1050,20,3,31.29,USD,Bank Transfer,08/09/2025
3518,205,29,3,497.8,USD,Mobile Money,31/10/2025
3519,1621,30,5,190.31,USD,Mobile Money,06/12/2025
3520,3037,3,1,200.9,USD,Bank Transfer,01/06/2026
3521,2895,21,3,86.06,USD,Cash,08/06/2026
3522,80,15,1,248.94,USD,Mobile Money,06/07/2026
3523,4401,19,5,455.68,USD,Bank Transfer,19/03/2025
3524,3059,22,5,464.17,USD,Cash,30/03/2025
3525,1911,21,1,286.12,USD,Voucher,19/10/2025
3526,3203,9,3,124.71,USD,Voucher,13/02/2026
3527,3268,7,5,106.06,USD,Cash,23/01/2026
3528,1984,6,4,289.95,USD,Mobile Money,04/04/2025
3529,1844,14,4,232.04,USD,Voucher,05/11/2024
3530,4592,11,1,131.3,USD,Voucher,22/06/2026
3531,951,11,1,282.03,USD,Cash,29/09/2025
3532,3993,19,3,37.76,USD,Bank Transfer,02/05/2025
3533,4950,7,3,314.81,USD,Bank Transfer,29/07/2024
3534,3388,15,1,168.46,USD,Cash,25/06/2026
3535,3600,12,1,389.19,USD,Mobile Money,05/06/2025
3536,1237,7,4,297.51,USD,Cash,18/09/2024
3537,661,12,4,133.13,USD,Voucher,11/03/2026
3538,3090,26,2,105.58,USD,Cash,26/05/2026
3539,4654,11,1,230.85,USD,Cash,26/05/2026
3540,1283,26,1,433.15,USD,Voucher,13/03/2026
3541,3144,20,3,275.13,USD,Cash,16/02/2025
3542,3517,28,3,124.01,USD,Voucher,17/02/2025
3543,2436,8,3,119.52,USD,Voucher,19/09/2024
3544,4689,1,3,78.65,USD,Cash,07/05/2026
3545,656,20,1,78.49,USD,Bank Transfer,27/11/2024
3546,4572,21,5,65.64,USD,Voucher,18/10/2024
3547,797,30,1,59.3,USD,Voucher,29/11/2025
3548,2066,19,2,379.53,USD,Cash,14/11/2025
3549,2995,12,4,157.13,USD,Cash,01/03/2025
3550,1387,30,1,37.92,USD,Mobile Money,20/05/2026
3551,21,4,2,269.54,USD,Voucher,29/07/2025
3552,4738,16,4,485.92,USD,Mobile Money,05/11/2025
3553,3096,9,3,266.76,USD,Mobile Money,12/08/2024
3554,1665,17,1,343.77,USD,Mobile Money,09/01/2026
3555,4848,19,4,298.28,USD,Bank Transfer,31/08/2025
3556,3976,27,2,210.5,USD,Cash,01/03/2026
3557,4342,20,3,173.52,USD,Mobile Money,07/10/2024
3558,2719,9,3,298.44,USD,Bank Transfer,08/02/2026
3559,3736,11,2,425.49,USD,Mobile Money,24/09/2024
3560,4331,5,2,393.43,USD,Mobile Money,01/07/2026
3561,1382,25,4,297.36,USD,Voucher,18/01/2025
3562,2374,11,2,369.76,USD,Cash,24/11/2024
3563,3175,17,5,104.25,USD,Bank Transfer,26/11/2024
3564,909,18,1,394.09,USD,Voucher,08/06/2025
3565,615,9,5,313.87,USD,Bank Transfer,17/01/2026
3566,4098,23,3,222.69,USD,Cash,22/04/2026
3567,3287,11,5,341.93,USD,Voucher,24/08/2024
3568,798,29,3,49.38,USD,Bank Transfer,11/07/2025
3569,1886,28,5,491.26,USD,Voucher,02/02/2026
3570,2774,10,1,237.92,USD,Voucher,06/03/2026
3571,2000,2,1,247.21,USD,Bank Transfer,28/07/2025
3572,4898,12,5,146.25,USD,Mobile Money,11/01/2026
3573,3460,8,3,63.8,USD,Bank Transfer,23/10/2024
3574,1535,27,5,235.67,USD,Cash,08/06/2025
3575,4173,15,1,433.45,USD,Voucher,17/03/2026
3576,2366,1,4,94.09,USD,Cash,02/12/2025
3577,4815,27,5,424.41,USD,Cash,26/11/2025
3578,4839,27,4,113.51,USD,Bank Transfer,10/05/2025
3579,1992,8,1,179.71,USD,Mobile Money,18/10/2024
3580,2215,12,1,351.58,USD,Cash,14/01/2025
3581,375,17,1,87.42,USD,Mobile Money,06/04/2026
3582,1943,10,5,128.07,USD,Bank Transfer,25/06/2025
3583,3279,28,5,76.99,USD,Cash,22/06/2025
3584,3702,11,5,411.55,USD,Mobile Money,13/09/2025
3585,2517,26,5,462.48,USD,Bank Transfer,07/08/2025
3586,3519,17,5,27.46,USD,Mobile Money,15/04/2026
3587,1523,12,2,326.59,USD,Voucher,21/04/2026
3588,1115,4,1,66.62,USD,Voucher,22/07/2025
3589,2902,30,5,106.9,USD,Bank Transfer,03/03/2025
3590,3121,26,4,85.18,USD,Mobile Money,20/09/2024
3591,4044,8,4,69.45,USD,Bank Transfer,12/11/2025
3592,4196,23,5,384.66,USD,Bank Transfer,03/04/2025
3593,3752,7,2,481.54,USD,Mobile Money,23/07/2025
3594,1301,19,1,428.76,USD,Voucher,12/12/2025
3595,4490,10,3,250.79,USD,Mobile Money,26/06/2026
3596,4096,18,5,264.76,USD,Voucher,11/01/2025
3597,4533,3,1,233.58,USD,Bank Transfer,07/10/2024
3598,4638,13,4,462.65,USD,Cash,08/06/2026
3599,4037,27,5,25.38,USD,Mobile Money,29/12/2024
3600,1303,26,2,59.9,USD,Cash,11/07/2026
3601,1671,14,5,176.04,USD,Cash,09/01/2026
3602,1188,30,4,487.78,USD,Voucher,24/01/2025
3603,1015,21,3,431.59,USD,Mobile Money,06/08/2024
3604,475,24,1,433.38,USD,Mobile Money,28/11/2024
3605,4761,3,5,494.11,USD,Cash,20/02/2025
3606,2055,27,1,340.43,USD,Bank Transfer,13/09/2025
3607,856,11,4,109.83,USD,Voucher,19/12/2024
3608,2989,3,5,469.42,USD,Bank Transfer,27/07/2024
3609,2976,13,5,400.72,USD,Mobile Money,06/06/2025
3610,172,2,4,494.4,USD,Cash,09/10/2025
3611,268,22,2,209.79,USD,Bank Transfer,29/08/2024
3612,1892,23,5,217.03,USD,Voucher,15/01/2026
3613,3291,12,5,295.05,USD,Cash,22/03/2025
3614,4228,29,2,169.05,USD,Bank Transfer,07/10/2025
3615,18,28,4,265.67,USD,Bank Transfer,20/12/2024
3616,1279,12,1,450.56,USD,Cash,26/03/2025
3617,4043,7,3,205.44,USD,Mobile Money,16/12/2025
3618,1073,17,4,479.86,USD,Bank Transfer,24/01/2025
3619,1011,25,4,76.3,USD,Cash,24/04/2026
3620,2029,17,1,88.54,USD,Mobile Money,13/10/2024
3621,53,6,4,86.94,USD,Bank Transfer,20/04/2026
3622,443,26,1,67.79,USD,Mobile Money,05/10/2025
3623,1370,17,3,104.73,USD,Bank Transfer,30/03/2026
3624,915,24,2,191.86,USD,Bank Transfer,04/10/2025
3625,2754,24,4,50.24,USD,Bank Transfer,19/08/2025
3626,284,26,4,246.49,USD,Mobile Money,18/09/2025
3627,2619,13,5,114.79,USD,Voucher,02/01/2025
3628,1617,21,2,278.42,USD,Cash,26/04/2026
3629,978,12,3,450.85,USD,Voucher,06/02/2026
3630,455,7,3,20.01,USD,Voucher,01/07/2025
3631,952,23,1,416,USD,Mobile Money,11/07/2026
3632,4547,28,1,459.06,USD,Bank Transfer,28/04/2026
3633,4045,28,1,252.76,USD,Bank Transfer,08/07/2026
3634,132,27,4,150.61,USD,Bank Transfer,17/10/2024
3635,725,24,3,390.16,USD,Mobile Money,17/05/2025
3636,2558,7,5,386.6,USD,Voucher,27/10/2025
3637,4434,13,1,398.41,USD,Bank Transfer,26/04/2026
3638,3945,16,4,331.45,USD,Bank Transfer,12/12/2024
3639,1732,30,5,233.98,USD,Bank Transfer,28/09/2025
3640,2886,4,4,359.66,USD,Voucher,15/07/2025
3641,3209,11,2,430.06,USD,Cash,22/04/2025
3642,720,12,1,27.58,USD,Bank Transfer,25/08/2025
3643,2904,11,5,109.82,USD,Mobile Money,20/06/2026
3644,887,27,4,452.56,USD,Cash,12/08/2025
3645,1978,17,1,202.44,USD,Bank Transfer,01/10/2024
3646,3655,4,1,377.5,USD,Mobile Money,22/04/2026
3647,4149,28,3,194.22,USD,Cash,05/05/2025
3648,4878,18,5,375.08,USD,Bank Transfer,19/05/2025
3649,1629,18,5,141.12,USD,Mobile Money,16/05/2026
3650,343,1,1,258.41,USD,Voucher,06/01/2026
3651,1997,8,3,221.32,USD,Mobile Money,11/09/2024
3652,558,27,5,356.41,USD,Cash,14/11/2024
3653,692,10,1,334.38,USD,Voucher,12/11/2025
3654,3996,18,1,122.9,USD,Cash,18/07/2025
3655,3860,21,5,110.01,USD,Voucher,09/08/2025
3656,1369,23,4,155.77,USD,Voucher,29/04/2026
3657,4222,3,4,303.77,USD,Mobile Money,02/01/2026
3658,3227,28,1,205.14,USD,Mobile Money,18/04/2026
3659,3633,2,1,258.74,USD,Voucher,21/10/2024
3660,1920,16,1,462.61,USD,Bank Transfer,26/06/2026
3661,3597,23,3,138.83,USD,Bank Transfer,18/08/2025
3662,2899,11,5,397.3,USD,Cash,05/04/2026
3663,4408,17,3,312.69,USD,Cash,02/08/2025
3664,4062,9,3,48.82,USD,Cash,26/03/2025
3665,3635,29,3,314.55,USD,Cash,27/10/2024
3666,1210,24,4,427.82,USD,Mobile Money,04/09/2024
3667,2360,7,1,330.85,USD,Bank Transfer,08/10/2024
3668,1306,21,4,59.7,USD,Bank Transfer,25/05/2025
3669,4244,14,3,438.17,USD,Voucher,30/11/2024
3670,3280,1,5,273.59,USD,Mobile Money,25/11/2025
3671,4953,19,4,140.81,USD,Cash,17/08/2024
3672,3030,11,4,488.04,USD,Bank Transfer,08/06/2026
3673,79,30,5,394.09,USD,Mobile Money,24/07/2024
3674,3276,20,5,445.65,USD,Mobile Money,12/05/2025
3675,4203,30,5,471.76,USD,Cash,22/06/2025
3676,4950,16,3,64.47,USD,Bank Transfer,17/06/2025
3677,3253,6,3,168.55,USD,Cash,27/05/2026
3678,1556,7,2,124.3,USD,Cash,29/03/2025
3679,2030,22,2,487.43,USD,Cash,01/12/2024
3680,2749,8,1,465.2,USD,Bank Transfer,01/06/2026
3681,4222,3,2,370.83,USD,Mobile Money,03/12/2025
3682,4899,7,5,366.52,USD,Voucher,03/01/2025
3683,4306,7,5,311.29,USD,Bank Transfer,21/11/2025
3684,4982,14,5,370.95,USD,Cash,25/04/2025
3685,2465,3,5,396.28,USD,Mobile Money,27/05/2025
3686,4508,29,1,118.87,USD,Mobile Money,20/09/2025
3687,98,6,3,298.87,USD,Cash,21/03/2025
3688,397,6,3,124.43,USD,Voucher,20/08/2024
3689,4361,16,3,418.31,USD,Mobile Money,14/12/2025
3690,3608,10,1,406.15,USD,Mobile Money,14/07/2026
3691,448,11,3,367.76,USD,Bank Transfer,22/03/2025
3692,3103,19,2,164.73,USD,Cash,06/10/2025
3693,1789,22,2,158.49,USD,Mobile Money,30/08/2025
3694,1761,22,4,175.32,USD,Mobile Money,10/05/2026
3695,2410,12,1,199.03,USD,Cash,14/10/2024
3696,1275,22,5,467.22,USD,Cash,02/09/2025
3697,4658,20,3,177.68,USD,Mobile Money,05/06/2025
3698,2855,2,5,27.58,USD,Voucher,18/02/2025
3699,1276,16,3,52.71,USD,Cash,04/01/2025
3700,3432,8,3,204.89,USD,Cash,23/09/2025
3701,679,5,1,45.36,USD,Bank Transfer,01/02/2026
3702,1844,30,4,469.43,USD,Voucher,03/05/2025
3703,305,17,5,192.07,USD,Mobile Money,14/01/2026
3704,1505,7,4,223.06,USD,Mobile Money,28/05/2025
3705,844,9,1,229.18,USD,Voucher,27/08/2025
3706,4361,16,3,25.97,USD,Bank Transfer,09/09/2024
3707,502,17,5,120.87,USD,Voucher,19/04/2025
3708,2028,18,4,215.35,USD,Cash,25/02/2025
3709,3444,27,4,407.75,USD,Voucher,22/04/2025
3710,326,15,4,98.83,USD,Voucher,19/06/2025
3711,1579,29,4,183.98,USD,Bank Transfer,17/11/2025
3712,349,26,5,67.79,USD,Bank Transfer,28/02/2026
3713,1181,19,1,470.99,USD,Mobile Money,18/02/2026
3714,2436,11,1,386.3,USD,Bank Transfer,03/04/2025
3715,222,12,1,491.61,USD,Cash,18/01/2026
3716,4444,4,2,91.29,USD,Cash,04/06/2026
3717,4995,15,5,234.6,USD,Cash,06/06/2025
3718,3027,24,4,39.42,USD,Bank Transfer,27/08/2025
3719,3560,18,4,95.78,USD,Voucher,11/11/2025
3720,200,4,3,102.91,USD,Cash,30/12/2024
3721,4485,15,4,343.3,USD,Mobile Money,08/03/2025
3722,3970,26,3,338.4,USD,Voucher,23/11/2025
3723,1208,1,2,351.78,USD,Voucher,23/07/2025
3724,4,23,3,479.83,USD,Mobile Money,20/06/2026
3725,444,18,4,320.83,USD,Voucher,27/05/2026
3726,142,21,3,359.73,USD,Voucher,02/11/2024
3727,4530,9,5,280.99,USD,Voucher,01/05/2026
3728,4519,2,1,137.52,USD,Voucher,01/01/2026
3729,2759,18,4,256.24,USD,Bank Transfer,30/04/2025
3730,4460,22,3,234.85,USD,Bank Transfer,13/02/2025
3731,2128,20,1,118.46,USD,Bank Transfer,06/11/2024
3732,1886,19,1,63.83,USD,Mobile Money,09/02/2026
3733,3604,20,3,106.49,USD,Voucher,31/03/2026
3734,239,9,1,79.58,USD,Cash,19/10/2024
3735,2000,23,5,64.91,USD,Bank Transfer,15/12/2025
3736,3450,1,5,126.13,USD,Voucher,07/12/2024
3737,3189,23,1,412.37,USD,Bank Transfer,10/06/2025
3738,4228,8,3,45.12,USD,Bank Transfer,13/02/2026
3739,40,17,4,81.59,USD,Bank Transfer,02/01/2026
3740,133,7,1,318.71,USD,Bank Transfer,01/01/2025
3741,2131,13,4,495.18,USD,Cash,02/10/2024
3742,3627,22,4,366.04,USD,Bank Transfer,25/09/2025
3743,1065,9,2,423.99,USD,Bank Transfer,12/04/2025
3744,4419,8,1,164.77,USD,Bank Transfer,11/11/2025
3745,4156,12,4,395.84,USD,Voucher,16/02/2025
3746,978,12,2,437.69,USD,Mobile Money,05/08/2024
3747,38,12,5,395.13,USD,Bank Transfer,13/07/2026
3748,4501,13,4,89.98,USD,Cash,02/10/2025
3749,444,27,4,397.45,USD,Bank Transfer,25/12/2024
3750,233,6,3,435.13,USD,Cash,28/03/2025
3751,857,26,5,336.73,USD,Bank Transfer,15/09/2025
3752,1690,27,5,265.07,USD,Voucher,02/12/2024
3753,288,26,1,174.79,USD,Voucher,18/01/2026
3754,2962,5,5,253.49,USD,Bank Transfer,19/09/2024
3755,4908,18,1,457.69,USD,Bank Transfer,26/12/2024
3756,2993,28,1,211.13,USD,Bank Transfer,27/12/2025
3757,3103,4,5,376.65,USD,Voucher,26/08/2025
3758,3563,11,5,133.54,USD,Mobile Money,05/03/2025
3759,1060,7,3,132.49,USD,Mobile Money,05/12/2025
3760,3273,7,2,125.03,USD,Cash,30/07/2025
3761,2967,18,1,344.99,USD,Mobile Money,03/04/2026
3762,6,18,2,62.26,USD,Mobile Money,05/11/2025
3763,1816,27,1,275.92,USD,Voucher,15/11/2024
3764,3847,29,5,87.98,USD,Bank Transfer,04/04/2025
3765,1413,10,3,151.94,USD,Mobile Money,09/03/2026
3766,3468,2,2,164.14,USD,Mobile Money,08/04/2026
3767,4310,5,4,358.45,USD,Mobile Money,09/01/2025
3768,4160,29,2,72.44,USD,Mobile Money,19/07/2025
3769,1792,20,5,212.34,USD,Cash,28/02/2026
3770,4927,3,2,438.44,USD,Voucher,25/03/2026
3771,1714,18,4,262.59,USD,Cash,13/11/2024
3772,1256,9,1,448.9,USD,Cash,26/02/2025
3773,2495,23,1,470.86,USD,Bank Transfer,09/12/2025
3774,952,10,3,413.02,USD,Voucher,21/09/2025
3775,4766,30,3,33.67,USD,Bank Transfer,12/01/2025
3776,4604,15,5,479.46,USD,Cash,16/10/2024
3777,695,30,1,175.89,USD,Voucher,21/06/2026
3778,2122,9,2,185.54,USD,Cash,16/07/2026
3779,224,23,4,163.78,USD,Voucher,12/03/2025
3780,1011,27,4,138.88,USD,Cash,11/08/2025
3781,4444,8,1,332.54,USD,Bank Transfer,02/09/2024
3782,900,9,4,51.05,USD,Bank Transfer,14/08/2025
3783,3681,29,4,373.11,USD,Bank Transfer,26/12/2025
3784,3147,24,5,396.26,USD,Bank Transfer,11/07/2025
3785,2634,27,1,427.14,USD,Voucher,29/12/2024
3786,3278,11,1,91.8,USD,Cash,22/02/2026
3787,1936,3,5,240.88,USD,Mobile Money,18/03/2026
3788,1350,30,4,207.73,USD,Cash,26/06/2025
3789,4889,2,2,56.11,USD,Mobile Money,06/09/2025
3790,2411,16,1,417.33,USD,Bank Transfer,23/02/2026
3791,4446,4,5,154.62,USD,Cash,12/12/2024
3792,1306,26,1,164.96,USD,Voucher,05/05/2025
3793,4342,25,3,371.13,USD,Mobile Money,26/03/2026
3794,1071,17,2,100.31,USD,Bank Transfer,25/07/2025
3795,3132,18,1,463.98,USD,Bank Transfer,07/07/2026
3796,4909,9,2,330.76,USD,Cash,07/03/2026
3797,676,20,1,314.24,USD,Voucher,16/04/2025
3798,22,26,4,68.49,USD,Bank Transfer,21/04/2025
3799,2553,28,1,496.04,USD,Mobile Money,24/07/2024
3800,659,16,2,402.61,USD,Bank Transfer,29/06/2026
3801,2680,26,4,448.74,USD,Mobile Money,03/02/2026
3802,4948,23,5,168.93,USD,Bank Transfer,17/02/2026
3803,4458,7,2,45.96,USD,Voucher,27/12/2025
3804,95,7,1,91.35,USD,Mobile Money,22/07/2025
3805,4968,19,4,128.25,USD,Voucher,08/06/2026
3806,646,29,4,211.68,USD,Mobile Money,03/12/2025
3807,2432,28,4,486.72,USD,Voucher,26/02/2026
3808,3796,13,3,398.53,USD,Voucher,08/12/2025
3809,894,1,1,431.92,USD,Bank Transfer,21/01/2025
3810,3925,23,3,345.48,USD,Voucher,24/08/2024
3811,3417,29,3,180.02,USD,Mobile Money,25/04/2025
3812,8,30,3,234.33,USD,Voucher,28/06/2026
3813,124,8,1,286.86,USD,Bank Transfer,05/05/2025
3814,1856,29,3,221.55,USD,Voucher,09/04/2025
3815,2233,22,3,41.17,USD,Voucher,13/02/2026
3816,2013,24,2,481.57,USD,Cash,10/11/2024
3817,3982,16,3,316.25,USD,Cash,28/07/2024
3818,3976,15,2,340.19,USD,Voucher,07/11/2024
3819,2556,10,1,167.82,USD,Cash,05/01/2025
3820,3351,5,3,195.65,USD,Bank Transfer,11/12/2024
3821,241,16,5,93.26,USD,Mobile Money,11/01/2026
3822,3433,20,1,289.55,USD,Voucher,04/07/2025
3823,2627,30,5,396.14,USD,Bank Transfer,06/11/2024
3824,1099,3,1,383.89,USD,Bank Transfer,12/12/2024
3825,3900,24,4,259.08,USD,Cash,30/10/2024
3826,2771,6,5,298.38,USD,Mobile Money,19/09/2025
3827,1914,10,3,103.94,USD,Cash,21/03/2026
3828,544,23,4,383.99,USD,Mobile Money,12/01/2025
3829,1007,12,2,136.04,USD,Mobile Money,01/04/2025
3830,93,4,3,51.13,USD,Mobile Money,07/04/2026
3831,2621,16,4,93.04,USD,Cash,29/04/2026
3832,4848,26,3,195.77,USD,Mobile Money,02/06/2025
3833,4789,22,1,453.72,USD,Bank Transfer,03/03/2025
3834,4275,5,4,412.3,USD,Cash,13/11/2024
3835,2249,4,5,252.02,USD,Bank Transfer,07/01/2025
3836,1619,27,2,202.9,USD,Bank Transfer,26/05/2026
3837,562,11,4,283.61,USD,Mobile Money,04/10/2025
3838,1895,11,5,352.31,USD,Cash,21/02/2025
3839,3609,25,1,484.55,USD,Bank Transfer,26/06/2026
3840,1137,11,2,97.83,USD,Voucher,13/08/2025
3841,3467,5,1,360.38,USD,Bank Transfer,07/02/2025
3842,4706,22,4,410.24,USD,Cash,23/10/2025
3843,4049,13,1,142.48,USD,Cash,29/11/2025
3844,913,30,3,146.84,USD,Mobile Money,23/10/2024
3845,3278,12,1,323.15,USD,Cash,01/11/2024
3846,3210,20,1,405.61,USD,Cash,01/05/2026
3847,4099,20,2,171.53,USD,Cash,19/11/2025
3848,3007,25,3,53.89,USD,Cash,30/10/2024
3849,2395,10,1,240.84,USD,Mobile Money,27/12/2025
3850,1871,6,1,346.27,USD,Voucher,15/07/2026
3851,4569,9,1,312.47,USD,Mobile Money,08/10/2025
3852,2858,8,3,370.81,USD,Voucher,29/07/2025
3853,2012,5,2,338.56,USD,Voucher,23/01/2025
3854,3035,12,2,298.79,USD,Bank Transfer,15/10/2025
3855,2093,4,5,421.59,USD,Voucher,04/07/2025
3856,4427,21,2,400.55,USD,Bank Transfer,28/06/2025
3857,4332,17,2,83.33,USD,Bank Transfer,27/10/2024
3858,2787,19,3,417.86,USD,Voucher,25/02/2025
3859,941,8,2,273.08,USD,Mobile Money,12/09/2025
3860,268,9,5,418.36,USD,Mobile Money,18/12/2025
3861,3178,17,3,167.56,USD,Cash,04/08/2024
3862,4859,1,1,51.64,USD,Bank Transfer,27/06/2026
3863,2707,23,5,218.21,USD,Bank Transfer,24/03/2026
3864,4031,8,1,469.74,USD,Mobile Money,10/03/2026
3865,329,18,1,316.11,USD,Bank Transfer,14/09/2025
3866,78,21,4,154.49,USD,Mobile Money,06/04/2026
3867,3853,23,1,455.14,USD,Bank Transfer,02/07/2025
3868,475,25,4,285.88,USD,Cash,25/05/2025
3869,2926,9,1,172.1,USD,Cash,11/09/2024
3870,3945,26,3,323.85,USD,Voucher,02/10/2025
3871,3166,14,2,145.52,USD,Mobile Money,20/04/2025
3872,2844,18,2,204.43,USD,Voucher,25/01/2025
3873,1168,15,4,353.4,USD,Mobile Money,26/06/2026
3874,4365,14,4,93.5,USD,Mobile Money,06/07/2026
3875,3234,30,1,476.28,USD,Mobile Money,25/05/2025
3876,898,28,1,99.69,USD,Mobile Money,23/11/2024
3877,3073,12,3,279.47,USD,Voucher,09/09/2024
3878,2638,21,1,475.35,USD,Mobile Money,30/01/2026
3879,3726,18,5,280.44,USD,Cash,05/05/2026
3880,3181,11,4,92.84,USD,Voucher,12/05/2025
3881,3239,18,1,344.42,USD,Cash,14/12/2025
3882,2604,29,2,269.25,USD,Bank Transfer,27/08/2024
3883,2420,12,4,480.71,USD,Bank Transfer,22/02/2026
3884,1121,30,1,320.23,USD,Cash,27/01/2025
3885,1343,18,3,406.21,USD,Mobile Money,14/11/2025
3886,4290,20,2,198.85,USD,Mobile Money,10/04/2026
3887,2377,4,3,199.77,USD,Voucher,21/12/2025
3888,3196,21,4,360.99,USD,Bank Transfer,30/06/2026
3889,2595,23,3,440.08,USD,Voucher,04/07/2026
3890,1806,26,5,456.81,USD,Voucher,19/08/2024
3891,1879,24,4,86.33,USD,Mobile Money,21/05/2025
3892,2066,23,2,31.33,USD,Cash,15/10/2025
3893,3113,11,5,335.9,USD,Cash,01/11/2024
3894,17,9,2,108.37,USD,Cash,11/03/2026
3895,2648,25,5,26.95,USD,Mobile Money,01/03/2025
3896,2429,13,4,172.6,USD,Cash,26/01/2026
3897,3504,24,5,206.19,USD,Bank Transfer,01/04/2026
3898,4356,23,2,38.28,USD,Bank Transfer,03/06/2025
3899,1970,10,1,292.1,USD,Bank Transfer,08/05/2025
3900,1497,7,1,298.09,USD,Mobile Money,17/10/2024
3901,3547,13,2,207.55,USD,Cash,24/03/2025
3902,2439,12,5,406.87,USD,Bank Transfer,09/11/2024
3903,3071,12,2,57.59,USD,Voucher,08/08/2024
3904,4435,11,2,130.69,USD,Mobile Money,29/04/2025
3905,2912,16,4,170.2,USD,Mobile Money,30/10/2025
3906,4183,10,5,408.79,USD,Bank Transfer,30/09/2025
3907,4869,12,2,125.82,USD,Voucher,15/01/2026
3908,607,21,4,364.91,USD,Voucher,13/07/2025
3909,4870,6,3,244.41,USD,Cash,03/07/2026
3910,4485,12,2,176.15,USD,Cash,27/06/2026
3911,560,12,1,384.13,USD,Cash,26/02/2026
3912,574,15,5,189.61,USD,Bank Transfer,01/02/2025
3913,1744,20,2,247.89,USD,Bank Transfer,13/03/2026
3914,2609,13,3,339.6,USD,Bank Transfer,25/03/2026
3915,4915,1,3,126.75,USD,Voucher,30/07/2025
3916,1895,30,2,183.52,USD,Bank Transfer,26/01/2025
3917,2786,6,5,460.62,USD,Cash,14/12/2024
3918,1497,2,1,242.58,USD,Mobile Money,02/10/2025
3919,838,17,5,398.2,USD,Mobile Money,11/12/2025
3920,579,28,1,77.81,USD,Bank Transfer,23/04/2026
3921,1721,2,4,255.83,USD,Cash,26/02/2025
3922,1523,9,4,143.07,USD,Cash,04/02/2026
3923,3149,28,3,212.7,USD,Bank Transfer,28/06/2025
3924,3755,23,4,178.83,USD,Cash,07/12/2024
3925,4609,27,2,404.96,USD,Cash,12/11/2025
3926,3242,27,5,53.73,USD,Bank Transfer,06/12/2024
3927,1847,7,1,191.04,USD,Cash,10/10/2024
3928,617,3,5,58.72,USD,Bank Transfer,07/06/2026
3929,2397,20,4,161.57,USD,Mobile Money,25/12/2025
3930,671,28,3,203.8,USD,Cash,22/06/2026
3931,4671,30,5,369.47,USD,Voucher,27/10/2025
3932,173,7,5,164.93,USD,Mobile Money,03/04/2025
3933,4391,4,3,248.74,USD,Mobile Money,15/09/2024
3934,2246,25,2,466.53,USD,Mobile Money,04/03/2026
3935,1872,9,2,476.83,USD,Bank Transfer,08/07/2026
3936,3358,28,1,36.79,USD,Mobile Money,12/05/2026
3937,573,20,4,295.02,USD,Bank Transfer,25/03/2025
3938,4497,19,2,191.15,USD,Voucher,28/07/2024
3939,4122,10,1,31.39,USD,Bank Transfer,08/08/2024
3940,2746,1,3,355.36,USD,Cash,30/04/2026
3941,4442,1,2,264.69,USD,Mobile Money,16/04/2026
3942,1526,27,3,368.83,USD,Cash,17/11/2024
3943,3604,16,5,457.31,USD,Bank Transfer,16/05/2025
3944,304,18,4,327.42,USD,Cash,05/11/2024
3945,848,17,4,331.26,USD,Mobile Money,14/05/2026
3946,1279,12,5,305.26,USD,Cash,02/12/2024
3947,1124,13,3,97.92,USD,Bank Transfer,08/01/2025
3948,915,30,4,489.16,USD,Mobile Money,07/06/2025
3949,370,30,1,77.29,USD,Bank Transfer,22/12/2025
3950,1504,11,1,250.26,USD,Mobile Money,07/01/2026
3951,66,23,3,199.67,USD,Cash,04/08/2025
3952,4656,30,1,256.36,USD,Mobile Money,27/01/2025
3953,3956,13,3,478.58,USD,Cash,05/07/2026
3954,1639,23,4,164.72,USD,Mobile Money,25/06/2025
3955,4767,1,2,90,USD,Mobile Money,03/02/2025
3956,4497,24,5,264.02,USD,Mobile Money,06/08/2025
3957,683,14,4,362.39,USD,Mobile Money,12/08/2024
3958,2915,4,2,351.99,USD,Voucher,13/08/2024
3959,2789,20,3,100.58,USD,Cash,01/07/2025
3960,4685,7,4,69.31,USD,Bank Transfer,17/08/2025
3961,1669,5,3,342.13,USD,Cash,19/11/2024
3962,4732,30,5,487,USD,Mobile Money,05/10/2024
3963,2015,13,2,299.05,USD,Mobile Money,14/05/2026
3964,2793,6,1,32.56,USD,Bank Transfer,26/02/2025
3965,2659,22,5,318.43,USD,Voucher,22/06/2026
3966,3935,21,2,229.75,USD,Voucher,15/03/2025
3967,2458,26,1,167.41,USD,Mobile Money,20/01/2025
3968,2599,10,2,321.86,USD,Bank Transfer,08/02/2025
3969,2902,23,4,381.77,USD,Mobile Money,20/08/2025
3970,4057,2,2,200.95,USD,Cash,29/12/2025
3971,3884,13,2,120.7,USD,Mobile Money,14/03/2025
3972,2162,2,3,100.8,USD,Voucher,27/09/2025
3973,2302,15,1,75.45,USD,Voucher,16/03/2026
3974,34,17,4,375.76,USD,Bank Transfer,29/08/2025
3975,3742,4,1,213.48,USD,Voucher,01/03/2026
3976,3256,13,1,75.08,USD,Bank Transfer,14/09/2025
3977,4287,11,2,268.23,USD,Bank Transfer,02/06/2025
3978,4052,29,4,458.79,USD,Cash,13/09/2024
3979,3286,18,2,42.19,USD,Voucher,16/07/2025
3980,2752,10,2,433.56,USD,Voucher,07/09/2024
3981,3025,24,1,57.57,USD,Cash,23/10/2024
3982,3143,19,5,112.17,USD,Cash,04/12/2025
3983,2960,22,5,315.15,USD,Bank Transfer,31/10/2025
3984,353,5,1,367.46,USD,Bank Transfer,17/07/2025
3985,4780,19,4,490.17,USD,Cash,23/10/2025
3986,131,10,5,183.86,USD,Cash,11/08/2025
3987,4151,1,5,24.59,USD,Mobile Money,06/09/2024
3988,2319,3,2,203.04,USD,Bank Transfer,22/04/2026
3989,2420,16,3,357.81,USD,Mobile Money,13/12/2025
3990,2588,7,5,164.68,USD,Bank Transfer,15/03/2025
3991,773,17,1,479.43,USD,Bank Transfer,24/03/2025
3992,2457,16,1,210.64,USD,Voucher,08/07/2025
3993,2915,25,5,252.84,USD,Mobile Money,26/12/2024
3994,2583,8,5,368.99,USD,Bank Transfer,27/08/2025
3995,1133,6,1,22.89,USD,Voucher,07/04/2026
3996,2255,4,1,459.97,USD,Mobile Money,06/10/2025
3997,4805,23,1,396.67,USD,Cash,02/05/2025
3998,94,11,5,399.36,USD,Mobile Money,07/02/2025
3999,377,26,5,184.23,USD,Cash,22/09/2024
4000,4818,3,1,34.12,USD,Mobile Money,04/12/2025
